node,new_score
anon_S1091E,315
anon_S3478E,380
anon_S4275E,380
anon_S1436E,380
anon_S1379E,459
anon_S1400E,459
anon_S1083E,384
anon_S1369E,459
anon_S2162E,489
anon_S5821E,489
anon_S5175E,333
anon_S4727E,536
anon_S5513E,456
anon_S1415E,459
anon_S3971E,501
anon_S3340E,515
anon_S5633E,493
anon_S5289E,491
anon_S2047E,489
anon_S3117E,538
anon_S4872E,499
anon_S3915E,515
anon_S1362E,459
anon_S5967E,545
anon_S4145E,501
anon_S1404E,459
anon_S4837E,539
anon_S1836E,515
anon_S5235E,484
anon_S4847E,409
anon_S3681E,515
anon_S3440E,529
anon_S1408E,459
anon_S4148E,515
anon_S2424E,515
anon_S5088E,581
anon_S3733E,501
anon_S4080E,568
anon_S4856E,471
anon_S1119E,546
anon_S5628E,559
anon_S5599E,494
anon_S2352E,537
anon_S5653E,451
anon_S1370E,459
anon_S1413E,459
anon_S3452E,529
anon_S5597E,549
anon_S2955E,515
anon_S5255E,489
anon_S4864E,548
anon_S3848E,566
anon_S4700E,601
anon_S3564E,546
anon_S3592E,501
anon_S1090E,583
anon_S4958E,538
anon_S1416E,459
anon_S1374E,459
anon_S5234E,484
anon_S5259E,488
anon_S1781E,515
anon_S851E,554
anon_S1422E,537
anon_S5586E,591
anon_S4298E,601
anon_S4834E,518
anon_S4738E,333
anon_S494E,596
anon_S3914E,565
anon_S5581E,574
anon_S813E,565
anon_S3988E,515
anon_S2320E,551
anon_S4818E,516
anon_S4862E,541
anon_S5834E,635
anon_S1393E,459
anon_S5231E,484
anon_S3566E,539
anon_S1465E,529
anon_S200E,557
anon_S6017E,544
anon_S3831E,501
anon_S551E,513
anon_S1409E,459
anon_S5460E,549
anon_S4852E,552
anon_S2098E,594
anon_S1414E,459
anon_S2954E,438
anon_S3245E,501
anon_S5598E,521
anon_S4260E,568
anon_S5588E,612
anon_S5014E,516
anon_S4704E,549
anon_S2883E,515
anon_S4820E,559
anon_S3629E,515
anon_S1822E,527
anon_S5477E,543
anon_S3407E,515
anon_S2037E,515
anon_S2538E,634
anon_S5974E,593
anon_S5596E,601
anon_S4904E,537
anon_S4583E,515
anon_S81E,613
anon_S4951E,534
anon_S5962E,595
anon_S5081E,600
anon_S5617E,491
anon_S4952E,533
anon_S4565E,541
anon_S388E,533
anon_S5236E,484
anon_S55E,597
anon_S3986E,601
anon_S1382E,459
anon_S1922E,622
anon_S5494E,459
anon_S1667E,515
anon_S5559E,556
anon_S4869E,561
anon_S4841E,529
anon_S1734E,506
anon_S724E,499
anon_S5711E,635
anon_S2966E,559
anon_S3543E,596
anon_S3505E,566
anon_S4197E,566
anon_S80E,564
anon_S3919E,601
anon_S5665E,640
anon_S1372E,459
anon_S5568E,489
anon_S2889E,438
anon_S2489E,501
anon_S3511E,598
anon_S2977E,575
anon_S773E,506
anon_S4586E,530
anon_S2857E,506
anon_S625E,596
anon_S4900E,536
anon_S4997E,549
anon_S4804E,535
anon_S4803E,558
anon_S5567E,489
anon_S3938E,501
anon_S5089E,600
anon_S2813E,363
anon_S1387E,459
anon_S2928E,567
anon_S1588E,546
anon_S4729E,530
anon_S5952E,538
anon_S521E,662
anon_S25E,662
anon_S4229E,622
anon_S4632E,600
anon_S4930E,540
anon_S3692E,515
anon_S1858E,529
anon_S3790E,574
anon_S1396E,459
anon_S3442E,602
anon_S4401E,459
anon_S5317E,602
anon_S189E,573
anon_S4516E,444
anon_S1386E,459
anon_S1378E,459
anon_S3316E,610
anon_S2482E,538
anon_S1556E,589
anon_S3761E,651
anon_S207E,538
anon_S2582E,568
anon_S397E,577
anon_S235E,631
anon_S2155E,529
anon_S1363E,459
anon_S980E,637
anon_S2249E,515
anon_S555E,568
anon_S5233E,484
anon_S4567E,541
anon_S1726E,551
anon_S4E,663
anon_S5555E,561
anon_S4213E,570
anon_S5079E,568
anon_S1094E,599
anon_S2087E,515
anon_S2257E,489
anon_S5512E,456
anon_S5252E,635
anon_S4508E,547
anon_S5618E,525
anon_S179E,592
anon_S626E,596
anon_S1410E,459
anon_S1106E,559
anon_S4484E,459
anon_S5466E,535
anon_S5307E,596
anon_S3704E,501
anon_S4263E,602
anon_S5613E,532
anon_S1559E,551
anon_S5008E,516
anon_S3792E,566
anon_S2599E,501
anon_S4868E,603
anon_S3024E,695
anon_S4857E,469
anon_S518E,662
anon_S1924E,622
anon_S5830E,635
anon_S5548E,483
anon_S3418E,527
anon_S4007E,501
anon_S5595E,607
anon_S1118E,522
anon_S35E,663
anon_S2642E,566
anon_S5228E,441
anon_S1081E,600
anon_S2590E,515
anon_S5589E,568
anon_S2609E,651
anon_S4507E,547
anon_S2589E,584
anon_S174E,612
anon_S1279E,637
anon_S3612E,501
anon_S4801E,593
anon_S3188E,538
anon_S5587E,592
anon_S764E,604
anon_S4179E,599
anon_S3483E,566
anon_S4176E,502
anon_S4122E,633
anon_S5652E,451
anon_S5550E,589
anon_S5056E,600
anon_S4368E,651
anon_S1794E,459
anon_S4785E,544
anon_S4215E,501
anon_S240E,506
anon_S5797E,646
anon_S3311E,515
anon_S76E,622
anon_S5009E,516
anon_S4127E,459
anon_S4083E,633
anon_S32E,663
anon_S3279E,634
anon_S4819E,513
anon_S201E,551
anon_S4337E,541
anon_S42E,660
anon_S296E,590
anon_S2262E,622
anon_S1186E,588
anon_S3368E,438
anon_S180E,630
anon_S1371E,459
anon_S1452E,622
anon_S732E,632
anon_S260E,597
anon_S4076E,595
anon_S1375E,459
anon_S1766E,611
anon_S857E,622
anon_S310E,633
anon_S5899E,593
anon_S4573E,600
anon_S4068E,538
anon_S4566E,542
anon_S5557E,549
anon_S144E,561
anon_S1477E,622
anon_S5400E,508
anon_S4070E,568
anon_S1411E,459
anon_S2343E,650
anon_S4134E,629
anon_S5065E,600
anon_S4352E,541
anon_S5656E,523
anon_S282E,645
anon_S1476E,618
anon_S1388E,459
anon_S94E,595
anon_S2163E,520
anon_S1893E,622
anon_S2149E,529
anon_S2770E,544
anon_S3864E,642
anon_S3137E,568
anon_S5968E,544
anon_S5854E,561
anon_S4855E,477
anon_S1181E,553
anon_S3937E,501
anon_S5344E,517
anon_S5707E,500
anon_S4240E,501
anon_S4319E,602
anon_S4581E,535
anon_S2143E,551
anon_S1364E,459
anon_S4268E,566
anon_S92E,595
anon_S1189E,557
anon_S1152E,629
anon_S48E,662
anon_S5942E,523
anon_S71E,639
anon_S2653E,634
anon_S4155E,595
anon_S1438E,380
anon_S4090E,654
anon_S5115E,519
anon_S3224E,634
anon_S5076E,581
anon_S4578E,516
anon_S4618E,581
anon_S3710E,629
anon_S1104E,559
anon_S3416E,578
anon_S291E,571
anon_S5739E,646
anon_S4597E,581
anon_S4032E,692
anon_S2976E,515
anon_S1517E,551
anon_S5514E,456
anon_S577E,626
anon_S2236E,568
anon_S4019E,501
anon_S6018E,545
anon_S3586E,515
anon_S3179E,538
anon_S5831E,661
anon_S3948E,501
anon_S185E,626
anon_S1842E,645
anon_S5572E,619
anon_S4873E,503
anon_S2967E,438
anon_S1896E,659
anon_S5457E,568
anon_S5991E,635
anon_S3927E,501
anon_S5475E,575
anon_S5722E,646
anon_S107E,588
anon_S809E,515
anon_S5963E,545
anon_S3783E,529
anon_S1909E,622
anon_S4436E,589
anon_S531E,661
anon_S1474E,655
anon_S245E,660
anon_S5960E,616
anon_S5472E,498
anon_S523E,664
anon_S398E,577
anon_S5113E,615
anon_S159E,645
anon_S4480E,459
anon_S5098E,429
anon_S4926E,581
anon_S5074E,600
anon_S5658E,523
anon_S4726E,601
anon_S3723E,678
anon_S4901E,558
anon_S5405E,549
anon_S2025E,594
anon_S3161E,566
anon_S623E,596
anon_S3944E,640
anon_S544E,532
anon_S4718E,530
anon_S1641E,515
anon_S2017E,529
anon_S516E,662
anon_S5258E,489
anon_S4786E,598
anon_S3315E,515
anon_S4193E,560
anon_S5469E,511
anon_S5580E,595
anon_S3108E,538
anon_S3958E,501
anon_S836E,565
anon_S5713E,538
anon_S627E,596
anon_S4241E,652
anon_S2887E,568
anon_S534E,662
anon_S15E,664
anon_S3506E,522
anon_S6123E,517
anon_S4630E,600
anon_S2263E,631
anon_S4703E,601
anon_S6074E,732
anon_S1360E,459
anon_S4015E,566
anon_S1697E,622
anon_S5340E,608
anon_S5435E,549
anon_S4284E,602
anon_S556E,474
anon_S471E,619
anon_S5750E,646
anon_S3396E,529
anon_S1744E,622
anon_S1076E,576
anon_S1522E,515
anon_S4332E,620
anon_S5976E,608
anon_S1398E,459
anon_S5504E,593
anon_S3705E,624
anon_S4559E,436
anon_S3357E,501
anon_S1758E,515
anon_S4289E,602
anon_S6118E,588
anon_S2784E,489
anon_S4944E,575
anon_S3732E,634
anon_S3567E,546
anon_S1725E,622
anon_S1519E,622
anon_S5615E,489
anon_S2485E,501
anon_S2881E,438
anon_S5443E,549
anon_S3957E,501
anon_S1580E,529
anon_S2246E,566
anon_S5275E,500
anon_S4941E,487
anon_S777E,630
anon_S2185E,515
anon_S759E,539
anon_S5632E,490
anon_S5397E,648
anon_S4375E,535
anon_S420E,623
anon_S6063E,635
anon_S5354E,592
anon_S1787E,623
anon_S5061E,600
anon_S739E,626
anon_S3559E,612
anon_S3698E,566
anon_S5476E,611
anon_S1514E,650
anon_S4793E,488
anon_S1561E,651
anon_S5441E,549
anon_S4020E,501
anon_S4286E,602
anon_S5364E,546
anon_S4672E,517
anon_S3951E,515
anon_S3697E,515
anon_S1403E,459
anon_S5302E,596
anon_S5805E,646
anon_S5054E,581
anon_S4481E,566
anon_S3850E,566
anon_S1430E,552
anon_S741E,659
anon_S3648E,515
anon_S1949E,631
anon_S1377E,459
anon_S5413E,534
anon_S1365E,459
anon_S2243E,622
anon_S6010E,569
anon_S12E,663
anon_S4497E,568
anon_S22E,663
anon_S197E,596
anon_S780E,556
anon_S128E,567
anon_S3456E,566
anon_S1597E,622
anon_S1952E,630
anon_S5538E,611
anon_S297E,592
anon_S2723E,634
anon_S4667E,540
anon_S6061E,511
anon_S3706E,501
anon_S593E,608
anon_S4986E,534
anon_S2222E,637
anon_S83E,639
anon_S973E,637
anon_S5058E,600
anon_S535E,539
anon_S490E,642
anon_S2267E,703
anon_S2803E,624
anon_S3530E,635
anon_S2E,663
anon_S4580E,516
anon_S5503E,593
anon_S4348E,542
anon_S38E,663
anon_S2127E,607
anon_S1847E,651
anon_S34E,663
anon_S3507E,602
anon_S1871E,575
anon_S5560E,587
anon_S2024E,655
anon_S4198E,645
anon_S1723E,622
anon_S3571E,490
anon_S226E,557
anon_S775E,630
anon_S4457E,501
anon_S5213E,600
anon_S5084E,600
anon_S3774E,703
anon_S4118E,705
anon_S5582E,587
anon_S1532E,622
anon_S1428E,552
anon_S5679E,635
anon_S1443E,527
anon_S589E,630
anon_S3947E,629
anon_S1112E,606
anon_S163E,631
anon_S5554E,560
anon_S5075E,601
anon_S2090E,561
anon_S5012E,627
anon_S147E,491
anon_S1188E,547
anon_S4084E,568
anon_S3243E,546
anon_S4287E,602
anon_S812E,567
anon_S85E,631
anon_S2372E,584
anon_S5655E,451
anon_S4954E,563
anon_S231E,638
anon_S2137E,710
anon_S2051E,529
anon_S2618E,652
anon_S3646E,515
anon_S224E,584
anon_S4520E,619
anon_S4702E,537
anon_S111E,605
anon_S1361E,459
anon_S4861E,577
anon_S1786E,622
anon_S4812E,595
anon_S0E,480
anon_S953E,637
anon_S4948E,534
anon_S4971E,601
anon_S3292E,594
anon_S3143E,538
anon_S2077E,624
anon_S2223E,605
anon_S391E,654
anon_S4347E,537
anon_S295E,633
anon_S3597E,515
anon_S3244E,595
anon_S16E,663
anon_S2987E,694
anon_S58E,627
anon_S3843E,584
anon_S4062E,566
anon_S2199E,622
anon_S5584E,597
anon_S1088E,529
anon_S3073E,695
anon_S5001E,534
anon_S5590E,572
anon_S2483E,638
anon_S1620E,520
anon_S132E,554
anon_S5227E,441
anon_S1007E,637
anon_S1535E,515
anon_S2960E,575
anon_S3112E,618
anon_S3891E,459
anon_S2739E,649
anon_S1263E,589
anon_S261E,599
anon_S4884E,580
anon_S1739E,684
anon_S5240E,656
anon_S1840E,551
anon_S196E,552
anon_S5755E,646
anon_S1902E,602
anon_S870E,637
anon_S1763E,615
anon_S1865E,652
anon_S54E,664
anon_S829E,697
anon_S1491E,547
anon_S6006E,646
anon_S722E,646
anon_S1394E,459
anon_S610E,546
anon_S4340E,543
anon_S2367E,515
anon_S4705E,609
anon_S545E,478
anon_S3101E,645
anon_S5630E,537
anon_S1134E,650
anon_S3707E,501
anon_S3521E,602
anon_S3788E,515
anon_S3563E,547
anon_S4995E,534
anon_S3568E,545
anon_S1579E,622
anon_S1133E,650
anon_S5096E,498
anon_S508E,664
anon_S5553E,594
anon_S4591E,524
anon_S2674E,649
anon_S5162E,536
anon_S891E,637
anon_S1145E,584
anon_S9E,664
anon_S4848E,589
anon_S5954E,591
anon_S624E,596
anon_S5726E,646
anon_S4967E,599
anon_S5386E,566
anon_S33E,660
anon_S500E,664
anon_S5600E,596
anon_S5007E,601
anon_S2124E,538
anon_S771E,506
anon_S4998E,534
anon_S4991E,516
anon_S3637E,633
anon_S2812E,706
anon_S1762E,637
anon_S49E,663
anon_S5612E,489
anon_S2326E,650
anon_S2875E,711
anon_S5349E,655
anon_S517E,664
anon_S3863E,695
anon_S4208E,652
anon_S1183E,622
anon_S4826E,556
anon_S5031E,507
anon_S3902E,655
anon_S5217E,523
anon_S64E,606
anon_S5812E,646
anon_S5095E,517
anon_S4981E,623
anon_S4853E,566
anon_S949E,637
anon_S3817E,515
anon_S43E,664
anon_S5414E,601
anon_S3410E,578
anon_S1775E,622
anon_S4126E,522
anon_S2580E,607
anon_S2932E,654
anon_S1576E,695
anon_S4219E,652
anon_S1116E,651
anon_S51E,663
anon_S5848E,526
anon_S5624E,490
anon_S930E,637
anon_S1287E,637
anon_S4842E,548
anon_S779E,630
anon_S4226E,602
anon_S5313E,602
anon_S4079E,594
anon_S1675E,622
anon_S4627E,581
anon_S4653E,600
anon_S1484E,624
anon_S525E,479
anon_S881E,637
anon_S3771E,661
anon_S4276E,602
anon_S528E,664
anon_S36E,664
anon_S1E,664
anon_S5602E,605
anon_S4984E,597
anon_S5650E,538
anon_S4775E,581
anon_S5011E,516
anon_S806E,607
anon_S2174E,622
anon_S1566E,622
anon_S3616E,600
anon_S3266E,637
anon_S2451E,695
anon_S3E,664
anon_S3275E,631
anon_S524E,659
anon_S5975E,545
anon_S4949E,534
anon_S4532E,508
anon_S4538E,563
anon_S4253E,501
anon_S469E,633
anon_S5639E,541
anon_S4989E,534
anon_S4097E,624
anon_S2713E,655
anon_S4673E,516
anon_S5654E,451
anon_S3046E,605
anon_S4162E,461
anon_S4531E,577
anon_S6004E,635
anon_S396E,577
anon_S3139E,538
anon_S6028E,487
anon_S2066E,584
anon_S617E,645
anon_S3992E,566
anon_S13E,663
anon_S4776E,563
anon_S4833E,510
anon_S2775E,631
anon_S4409E,602
anon_S4749E,609
anon_S10E,664
anon_S4706E,609
anon_S3522E,546
anon_S274E,625
anon_S2885E,589
anon_S5657E,606
anon_S3394E,578
anon_S591E,610
anon_S2844E,695
anon_S2766E,705
anon_S5947E,500
anon_S3399E,589
anon_S3907E,634
anon_S5851E,530
anon_S4608E,508
anon_S4644E,516
anon_S6104E,591
anon_S639E,637
anon_S77E,633
anon_S2028E,659
anon_S3558E,547
anon_S619E,739
anon_S533E,664
anon_S4689E,648
anon_S2626E,665
anon_S29E,664
anon_S4587E,522
anon_S2512E,589
anon_S3872E,589
anon_S2902E,566
anon_S4579E,516
anon_S4628E,577
anon_S847E,690
anon_S271E,597
anon_S874E,637
anon_S6013E,493
anon_S4831E,565
anon_S6012E,476
anon_S1089E,529
anon_S337E,616
anon_S4925E,538
anon_S2579E,695
anon_S50E,663
anon_S4962E,571
anon_S1554E,624
anon_S268E,595
anon_S808E,621
anon_S3187E,522
anon_S4454E,608
anon_S585E,597
anon_S950E,637
anon_S3979E,501
anon_S3976E,629
anon_S269E,600
anon_S19E,663
anon_S2898E,631
anon_S11E,664
anon_S4456E,589
anon_S2907E,645
anon_S1857E,584
anon_S509E,663
anon_S5745E,646
anon_S1518E,622
anon_S4674E,516
anon_S5611E,546
anon_S2045E,596
anon_S2255E,683
anon_S62E,528
anon_S5943E,546
anon_S288E,596
anon_S899E,637
anon_S2099E,527
anon_S3967E,501
anon_S18E,664
anon_S3943E,595
anon_S5309E,602
anon_S4370E,638
anon_S2664E,615
anon_S2808E,657
anon_S2156E,622
anon_S864E,622
anon_S1155E,629
anon_S4133E,501
anon_S5935E,584
anon_S3877E,601
anon_S3677E,613
anon_S1887E,561
anon_S1870E,615
anon_S41E,663
anon_S632E,637
anon_S4135E,501
anon_S4835E,628
anon_S4189E,566
anon_S4993E,534
anon_S284E,633
anon_S5594E,635
anon_S5606E,489
anon_S4165E,596
anon_S40E,664
anon_S510E,664
anon_S1572E,696
anon_S75E,597
anon_S1138E,631
anon_S3520E,589
anon_S2355E,645
anon_S3562E,548
anon_S3989E,655
anon_S3177E,751
anon_S898E,637
anon_S1351E,536
anon_S504E,664
anon_S2716E,649
anon_S3851E,649
anon_S3217E,584
anon_S4643E,516
anon_S4046E,566
anon_S5383E,545
anon_S2074E,589
anon_S2679E,634
anon_S1913E,622
anon_S1173E,651
anon_S846E,690
anon_S5566E,489
anon_S1165E,629
anon_S1915E,590
anon_S6079E,635
anon_S4534E,575
anon_S4119E,501
anon_S2342E,696
anon_S5731E,629
anon_S1619E,694
anon_S529E,662
anon_S2631E,622
anon_S2104E,645
anon_S389E,533
anon_S98E,631
anon_S703E,637
anon_S1851E,610
anon_S6102E,591
anon_S4796E,556
anon_S2327E,551
anon_S1718E,551
anon_S5306E,595
anon_S2725E,655
anon_S4261E,602
anon_S4265E,602
anon_S740E,666
anon_S2244E,506
anon_S5585E,579
anon_S2835E,624
anon_S2513E,634
anon_S5285E,646
anon_S5500E,593
anon_S95E,631
anon_S5152E,507
anon_S1056E,637
anon_S3935E,501
anon_S4282E,602
anon_S4808E,537
anon_S3021E,703
anon_S856E,622
anon_S526E,664
anon_S4806E,589
anon_S3206E,625
anon_S657E,637
anon_S4280E,602
anon_S3565E,547
anon_S2953E,601
anon_S501E,664
anon_S834E,573
anon_S2364E,649
anon_S602E,655
anon_S3248E,522
anon_S2218E,651
anon_S3431E,660
anon_S4807E,540
anon_S154E,616
anon_S5677E,635
anon_S4293E,602
anon_S263E,623
anon_S4460E,634
anon_S3926E,613
anon_S3756E,634
anon_S820E,630
anon_S506E,663
anon_S758E,597
anon_S837E,569
anon_S6005E,635
anon_S4225E,711
anon_S5772E,511
anon_S519E,664
anon_S5245E,656
anon_S2598E,589
anon_S4306E,634
anon_S1884E,622
anon_S557E,480
anon_S3317E,622
anon_S5545E,533
anon_S4217E,501
anon_S243E,664
anon_S1489E,515
anon_S547E,479
anon_S1886E,659
anon_S1557E,595
anon_S459E,660
anon_S5312E,602
anon_S3739E,589
anon_S3383E,578
anon_S4838E,599
anon_S1716E,622
anon_S2358E,630
anon_S1727E,546
anon_S3103E,696
anon_S88E,639
anon_S5283E,646
anon_S4791E,599
anon_S327E,611
anon_S4299E,602
anon_S3269E,630
anon_S158E,634
anon_S408E,573
anon_S5351E,542
anon_S5017E,558
anon_S3033E,578
anon_S5362E,545
anon_S6029E,493
anon_S30E,664
anon_S3960E,640
anon_S1425E,562
anon_S2278E,660
anon_S692E,637
anon_S2841E,501
anon_S3667E,610
anon_S4206E,629
anon_S540E,533
anon_S5461E,609
anon_S3587E,703
anon_S5E,664
anon_S5355E,542
anon_S4201E,619
anon_S250E,628
anon_S4858E,576
anon_S3536E,635
anon_S1506E,597
anon_S5243E,635
anon_S1610E,708
anon_S3849E,691
anon_S1111E,665
anon_S4928E,511
anon_S3670E,621
anon_S2064E,622
anon_S2807E,655
anon_S5592E,570
anon_S3194E,568
anon_S4269E,602
anon_S5994E,656
anon_S1105E,559
anon_S27E,664
anon_S5608E,562
anon_S2366E,489
anon_S772E,614
anon_S252E,629
anon_S3268E,613
anon_S3578E,634
anon_S1612E,650
anon_S5546E,532
anon_S4712E,599
anon_S3320E,591
anon_S1273E,637
anon_S1901E,691
anon_S5092E,634
anon_S4237E,501
anon_S2216E,703
anon_S1558E,549
anon_S725E,500
anon_S2834E,695
anon_S4537E,565
anon_S4354E,541
anon_S3408E,647
anon_S5733E,629
anon_S2518E,589
anon_S3835E,649
anon_S2876E,692
anon_S3031E,692
anon_S3535E,636
anon_S3716E,501
anon_S2494E,501
anon_S3449E,602
anon_S3068E,695
anon_S472E,564
anon_S1444E,624
anon_S3192E,589
anon_S1816E,711
anon_S4966E,731
anon_S1038E,637
anon_S3821E,689
anon_S4037E,501
anon_S1596E,665
anon_S2333E,695
anon_S1707E,696
anon_S5298E,606
anon_S4034E,652
anon_S5381E,523
anon_S1956E,622
anon_S199E,561
anon_S5776E,646
anon_S5818E,646
anon_S2297E,649
anon_S3526E,635
anon_S3879E,660
anon_S1064E,637
anon_S1771E,515
anon_S4773E,579
anon_S4406E,589
anon_S1973E,622
anon_S2970E,651
anon_S762E,715
anon_S1946E,651
anon_S4178E,567
anon_S968E,637
anon_S3636E,568
anon_S4017E,501
anon_S1589E,662
anon_S218E,631
anon_S5648E,477
anon_S5090E,511
anon_S2774E,696
anon_S2189E,551
anon_S499E,664
anon_S3946E,705
anon_S559E,480
anon_S5563E,573
anon_S5874E,646
anon_S1926E,622
anon_S4946E,565
anon_S5246E,489
anon_S1031E,637
anon_S5232E,484
anon_S6071E,531
anon_S4410E,629
anon_S5432E,609
anon_S1811E,665
anon_S5747E,629
anon_S4982E,597
anon_S5160E,511
anon_S596E,697
anon_S5510E,596
anon_S2211E,622
anon_S3308E,613
anon_S2375E,622
anon_S4671E,516
anon_S173E,644
anon_S236E,559
anon_S5487E,571
anon_S989E,637
anon_S1017E,637
anon_S3604E,654
anon_S4056E,501
anon_S4568E,598
anon_S2337E,559
anon_S1137E,631
anon_S2943E,630
anon_S89E,583
anon_S5311E,602
anon_S1622E,594
anon_S258E,637
anon_S4778E,573
anon_S2284E,672
anon_S2799E,584
anon_S2195E,622
anon_S4535E,565
anon_S5038E,581
anon_S467E,715
anon_S1426E,562
anon_S3731E,628
anon_S2692E,631
anon_S1677E,651
anon_S4932E,568
anon_S4164E,599
anon_S4205E,501
anon_S4203E,501
anon_S5934E,546
anon_S4633E,600
anon_S4092E,515
anon_S229E,631
anon_S1508E,665
anon_S1764E,665
anon_S5870E,629
anon_S152E,626
anon_S3032E,578
anon_S3632E,622
anon_S5903E,664
anon_S5495E,593
anon_S3181E,655
anon_S2391E,602
anon_S1339E,649
anon_S4649E,590
anon_S24E,664
anon_S5249E,656
anon_S580E,635
anon_S4867E,583
anon_S793E,637
anon_S4792E,608
anon_S4990E,534
anon_S2357E,622
anon_S5433E,581
anon_S4005E,640
anon_S3503E,706
anon_S744E,667
anon_S4541E,567
anon_S4564E,512
anon_S4908E,557
anon_S4539E,613
anon_S4593E,506
anon_S3655E,696
anon_S1108E,613
anon_S5003E,534
anon_S4144E,655
anon_S2242E,714
anon_S731E,632
anon_S1012E,637
anon_S1308E,637
anon_S894E,637
anon_S1040E,637
anon_S5430E,717
anon_S4141E,629
anon_S4518E,490
anon_S5204E,697
anon_S569E,481
anon_S5000E,534
anon_S134E,585
anon_S4889E,541
anon_S1959E,720
anon_S5055E,600
anon_S1767E,594
anon_S5140E,712
anon_S2731E,649
anon_S4945E,574
anon_S2460E,584
anon_S5497E,593
anon_S1736E,684
anon_S1342E,625
anon_S5264E,532
anon_S4707E,609
anon_S6015E,594
anon_S5263E,523
anon_S2931E,630
anon_S4723E,527
anon_S5718E,629
anon_S505E,664
anon_S2374E,634
anon_S3274E,478
anon_S1945E,670
anon_S2150E,622
anon_S2892E,645
anon_S755E,544
anon_S2743E,574
anon_S2917E,515
anon_S4911E,639
anon_S4556E,566
anon_S4158E,566
anon_S1844E,665
anon_S6016E,594
anon_S1180E,631
anon_S1650E,551
anon_S2824E,589
anon_S1591E,584
anon_S1182E,622
anon_S5723E,646
anon_S5019E,516
anon_S4496E,380
anon_S4677E,577
anon_S4825E,533
anon_S5254E,635
anon_S5493E,503
anon_S4651E,600
anon_S195E,646
anon_S2595E,665
anon_S4647E,564
anon_S4955E,564
anon_S5744E,629
anon_S3991E,652
anon_S4584E,530
anon_S5907E,614
anon_S5004E,534
anon_S3486E,590
anon_S1809E,561
anon_S2238E,613
anon_S4413E,640
anon_S5103E,540
anon_S161E,646
anon_S742E,645
anon_S3652E,601
anon_S5721E,646
anon_S599E,655
anon_S86E,639
anon_S1014E,637
anon_S876E,637
anon_S4871E,619
anon_S5992E,656
anon_S3983E,725
anon_S1706E,630
anon_S3354E,575
anon_S299E,561
anon_S5304E,596
anon_S39E,481
anon_S4849E,570
anon_S993E,637
anon_S5385E,597
anon_S3321E,568
anon_S728E,662
anon_S2360E,551
anon_S37E,664
anon_S4780E,562
anon_S757E,589
anon_S2420E,589
anon_S3227E,590
anon_S4143E,624
anon_S3519E,645
anon_S5902E,664
anon_S3398E,655
anon_S5348E,592
anon_S2406E,608
anon_S3067E,602
anon_S5835E,687
anon_S3109E,724
anon_S395E,577
anon_S3365E,575
anon_S5807E,629
anon_S5737E,629
anon_S3141E,676
anon_S1367E,459
anon_S4950E,534
anon_S4188E,566
anon_S318E,644
anon_S4412E,584
anon_S6066E,593
anon_S4322E,605
anon_S5026E,623
anon_S82E,613
anon_S4281E,602
anon_S5843E,656
anon_S4953E,597
anon_S4338E,543
anon_S4540E,566
anon_S2309E,584
anon_S2161E,622
anon_S3644E,651
anon_S839E,645
anon_S815E,650
anon_S1974E,645
anon_S2407E,523
anon_S2710E,523
anon_S3388E,523
anon_S6007E,635
anon_S4743E,590
anon_S3205E,631
anon_S3714E,629
anon_S5645E,629
anon_S5319E,659
anon_S735E,599
anon_S2630E,589
anon_S3812E,624
anon_S5790E,646
anon_S1760E,613
anon_S4517E,512
anon_S4670E,601
anon_S1895E,631
anon_S1692E,597
anon_S255E,658
anon_S1296E,637
anon_S5147E,585
anon_S1471E,659
anon_S5637E,656
anon_S6088E,656
anon_S838E,529
anon_S4349E,543
anon_S1087E,524
anon_S4783E,595
anon_S194E,644
anon_S4988E,534
anon_S621E,545
anon_S3446E,649
anon_S1813E,645
anon_S1644E,622
anon_S2306E,622
anon_S3718E,637
anon_S198E,664
anon_S4233E,523
anon_S934E,637
anon_S3997E,631
anon_S4809E,537
anon_S5100E,529
anon_S6068E,600
anon_S2769E,695
anon_S1139E,631
anon_S4832E,579
anon_S4755E,601
anon_S6124E,523
anon_S5583E,591
anon_S3395E,578
anon_S3251E,584
anon_S172E,644
anon_S2856E,566
anon_S5191E,609
anon_S232E,600
anon_S5518E,732
anon_S5910E,614
anon_S4887E,629
anon_S214E,621
anon_S1494E,645
anon_S3207E,733
anon_S502E,663
anon_S5378E,597
anon_S3824E,568
anon_S2748E,740
anon_S1919E,703
anon_S1537E,595
anon_S5002E,534
anon_S858E,622
anon_S5690E,664
anon_S5659E,640
anon_S5574E,489
anon_S615E,645
anon_S1606E,692
anon_S52E,659
anon_S417E,706
anon_S1320E,598
anon_S558E,482
anon_S1121E,561
anon_S4054E,709
anon_S797E,646
anon_S2322E,654
anon_S889E,526
anon_S4305E,602
anon_S3800E,601
anon_S5511E,596
anon_S3846E,589
anon_S675E,668
anon_S350E,693
anon_S2134E,647
anon_S5345E,572
anon_S1306E,598
anon_S690E,595
anon_S3060E,589
anon_S3973E,631
anon_S841E,324
anon_S814E,637
anon_S976E,637
anon_S3822E,551
anon_S3477E,695
anon_S5751E,646
anon_S606E,655
anon_S176E,630
anon_S431E,621
anon_S230E,631
anon_S3583E,478
anon_S5489E,711
anon_S3816E,589
anon_S6098E,592
anon_S3660E,478
anon_S4382E,461
anon_S5410E,706
anon_S1253E,703
anon_S1150E,630
anon_S1882E,574
anon_S5135E,525
anon_S3372E,665
anon_S4601E,580
anon_S4246E,578
anon_S3740E,602
anon_S3715E,501
anon_S212E,721
anon_S1334E,754
anon_S3045E,665
anon_S122E,599
anon_S2507E,568
anon_S4220E,654
anon_S1047E,681
anon_S3149E,538
anon_S6070E,773
anon_S3685E,681
anon_S5018E,706
anon_S995E,655
anon_S940E,614
anon_S5129E,573
anon_S130E,629
anon_S6038E,655
anon_S2942E,623
anon_S1405E,459
anon_S5214E,715
anon_S2895E,631
anon_S3262E,474
anon_S2969E,645
anon_S2132E,647
anon_S1227E,399
anon_S3736E,610
anon_S3066E,589
anon_S4228E,501
anon_S6034E,502
anon_S6043E,596
anon_S1738E,684
anon_S5757E,646
anon_S3928E,552
anon_S4252E,601
anon_S433E,690
anon_S4380E,634
anon_S3585E,622
anon_S752E,742
anon_S3153E,647
anon_S1380E,459
anon_S4235E,628
anon_S4817E,644
anon_S1660E,678
anon_S5133E,600
anon_S4446E,656
anon_S1435E,656
anon_S3325E,460
anon_S3728E,694
anon_S6128E,502
anon_S4503E,380
anon_S2886E,559
anon_S120E,631
anon_S5021E,599
anon_S649E,605
anon_S1144E,527
anon_S1433E,656
anon_S884E,736
anon_S1109E,620
anon_S1039E,479
anon_S942E,640
anon_S2990E,597
anon_S4561E,579
anon_S3293E,696
anon_S1024E,603
anon_S3688E,782
anon_S1166E,630
anon_S116E,560
anon_S1225E,565
anon_S3064E,589
anon_S3013E,597
anon_S668E,637
anon_S781E,592
anon_S3642E,613
anon_S985E,587
anon_S4036E,640
anon_S4328E,695
anon_S4448E,694
anon_S1307E,591
anon_S5131E,600
anon_S4139E,501
anon_S2182E,569
anon_S1206E,657
anon_S1407E,459
anon_S3918E,696
anon_S1293E,431
anon_S5023E,633
anon_S919E,776
anon_S348E,579
anon_S2523E,589
anon_S4452E,589
anon_S5411E,558
anon_S108E,616
anon_S944E,581
anon_S3540E,599
anon_S1187E,587
anon_S5840E,711
anon_S5880E,646
anon_S2992E,666
anon_S4558E,508
anon_S871E,623
anon_S4194E,629
anon_S2958E,599
anon_S317E,543
anon_S5836E,711
anon_S3686E,515
anon_S1272E,766
anon_S1223E,648
anon_S356E,493
anon_S1043E,577
anon_S3313E,515
anon_S4384E,599
anon_S437E,392
anon_S3589E,597
anon_S4471E,589
anon_S787E,666
anon_S6036E,662
anon_S411E,729
anon_S987E,574
anon_S4038E,515
anon_S924E,563
anon_S1335E,669
anon_S1130E,621
anon_S1291E,637
anon_S698E,617
anon_S5827E,687
anon_S2111E,538
anon_S3524E,636
anon_S61E,644
anon_S3579E,659
anon_S645E,563
anon_S1440E,599
anon_S598E,655
anon_S576E,543
anon_S946E,654
anon_S3542E,549
anon_S1185E,610
anon_S1018E,683
anon_S880E,704
anon_S960E,643
anon_S2823E,624
anon_S3767E,501
anon_S2922E,601
anon_S4483E,589
anon_S5431E,717
anon_S1045E,637
anon_S873E,381
anon_S541E,482
anon_S5973E,647
anon_S760E,561
anon_S2961E,622
anon_S311E,597
anon_S3333E,613
anon_S3348E,478
anon_S1605E,491
anon_S1274E,660
anon_S5802E,646
anon_S1066E,684
anon_S4063E,597
anon_S1153E,630
anon_S6105E,592
anon_S4866E,572
anon_S5810E,646
anon_S3668E,631
anon_S785E,641
anon_S2839E,589
anon_S5950E,619
anon_S6026E,502
anon_S4098E,660
anon_S3602E,613
anon_S131E,708
anon_S1904E,662
anon_S1202E,539
anon_S714E,608
anon_S1626E,581
anon_S4529E,589
anon_S1268E,599
anon_S643E,498
anon_S6126E,502
anon_S5357E,558
anon_S948E,608
anon_S2220E,624
anon_S4055E,629
anon_S882E,597
anon_S853E,622
anon_S828E,428
anon_S2968E,559
anon_S1309E,602
anon_S2996E,589
anon_S1030E,708
anon_S875E,641
anon_S1167E,630
anon_S225E,631
anon_S3331E,711
anon_S1432E,656
anon_S1276E,682
anon_S5724E,646
anon_S5474E,516
anon_S3120E,703
anon_S4475E,634
anon_S287E,561
anon_S983E,467
anon_S3985E,660
anon_S4824E,662
anon_S415E,594
anon_S1624E,726
anon_S1240E,492
anon_S2543E,589
anon_S139E,647
anon_S913E,532
anon_S2452E,589
anon_S2962E,667
anon_S1049E,637
anon_S4040E,501
anon_S2683E,703
anon_S5154E,563
anon_S3231E,589
anon_S3337E,559
anon_S2286E,436
anon_S2896E,613
anon_S660E,637
anon_S958E,589
anon_S3319E,655
anon_S3622E,613
anon_S4495E,597
anon_S460E,585
anon_S3820E,716
anon_S1447E,527
anon_S3104E,647
anon_S1021E,556
anon_S3606E,565
anon_S3987E,630
anon_S3281E,613
anon_S3276E,624
anon_S798E,622
anon_S1242E,446
anon_S1431E,644
anon_S1013E,626
anon_S5363E,597
anon_S3805E,523
anon_S6027E,502
anon_S5281E,646
anon_S3190E,538
anon_S3005E,636
anon_S5111E,580
anon_S5808E,646
anon_S324E,543
anon_S429E,606
anon_S4489E,589
anon_S2567E,589
anon_S4823E,662
anon_S4514E,599
anon_S3237E,695
anon_S4445E,589
anon_S1976E,667
anon_S5459E,717
anon_S3259E,637
anon_S2890E,551
anon_S4301E,602
anon_S662E,664
anon_S1285E,614
anon_S2508E,726
anon_S5101E,529
anon_S430E,602
anon_S1313E,608
anon_S5819E,596
anon_S2833E,589
anon_S283E,543
anon_S2588E,589
anon_S5425E,706
anon_S4555E,567
anon_S190E,603
anon_S721E,586
anon_S1848E,560
anon_S6120E,619
anon_S1244E,532
anon_S1299E,658
anon_S681E,698
anon_S4965E,666
anon_S3757E,660
anon_S917E,558
anon_S4066E,597
anon_S135E,679
anon_S855E,622
anon_S822E,601
anon_S3892E,590
anon_S979E,406
anon_S4421E,678
anon_S1229E,546
anon_S2925E,438
anon_S702E,637
anon_S664E,623
anon_S631E,631
anon_S3871E,709
anon_S5318E,602
anon_S584E,597
anon_S566E,643
anon_S932E,587
anon_S6023E,502
anon_S5740E,646
anon_S2012E,672
anon_S5226E,441
anon_S5418E,706
anon_S2347E,612
anon_S1301E,630
anon_S1073E,658
anon_S2078E,786
anon_S3071E,523
anon_S2695E,695
anon_S5124E,682
anon_S1051E,569
anon_S5623E,534
anon_S113E,581
anon_S5449E,564
anon_S3309E,459
anon_S612E,595
anon_S1260E,589
anon_S2532E,589
anon_S4598E,582
anon_S3389E,589
anon_S3759E,589
anon_S3367E,624
anon_S4247E,380
anon_S3163E,647
anon_S137E,668
anon_S492E,526
anon_S1028E,514
anon_S1036E,544
anon_S3346E,620
anon_S4474E,629
anon_S4069E,459
anon_S700E,572
anon_S4711E,667
anon_S6025E,502
anon_S3490E,693
anon_S3917E,661
anon_S892E,630
anon_S1441E,496
anon_S1349E,553
anon_S1071E,658
anon_S4504E,625
anon_S807E,665
anon_S4839E,572
anon_S5126E,716
anon_S5621E,663
anon_S1147E,630
anon_S1016E,741
anon_S4464E,656
anon_S1953E,666
anon_S3307E,659
anon_S276E,543
anon_S4257E,660
anon_S1266E,589
anon_S1042E,543
anon_S4077E,678
anon_S3361E,696
anon_S4961E,544
anon_S1353E,690
anon_S1328E,585
anon_S237E,631
anon_S5981E,656
anon_S4870E,516
anon_S74E,590
anon_S4210E,501
anon_S685E,689
anon_S3003E,624
anon_S826E,578
anon_S1060E,601
anon_S3634E,600
anon_S848E,690
anon_S4425E,656
anon_S1190E,555
anon_S188E,666
anon_S1283E,616
anon_S1234E,517
anon_S381E,613
anon_S376E,676
anon_S5376E,519
anon_S867E,671
anon_S4147E,459
anon_S4047E,574
anon_S4666E,509
anon_S150E,660
anon_S3657E,515
anon_S2052E,584
anon_S4939E,572
anon_S801E,618
anon_S5120E,544
anon_S5117E,685
anon_S4393E,632
anon_S3140E,538
anon_S5609E,489
anon_S3298E,624
anon_S1044E,560
anon_S1264E,589
anon_S1213E,533
anon_S359E,448
anon_S5455E,581
anon_S1911E,696
anon_S543E,482
anon_S119E,536
anon_S3136E,660
anon_S3533E,636
anon_S1161E,630
anon_S3058E,589
anon_S652E,555
anon_S133E,686
anon_S474E,700
anon_S824E,578
anon_S2933E,624
anon_S5448E,590
anon_S926E,637
anon_S1324E,315
anon_S4389E,660
anon_S2418E,589
anon_S4549E,542
anon_S704E,637
anon_S360E,343
anon_S151E,483
anon_S4309E,660
anon_S4376E,529
anon_S5575E,540
anon_S1318E,786
anon_S1069E,688
anon_S1483E,628
anon_S1258E,634
anon_S3913E,624
anon_S695E,681
anon_S907E,558
anon_S455E,330
anon_S992E,553
anon_S4477E,589
anon_S129E,711
anon_S5855E,656
anon_S2009E,618
anon_S4003E,459
anon_S5122E,570
anon_S5119E,544
anon_S6040E,655
anon_S1211E,581
anon_S3303E,438
anon_S1325E,503
anon_S1015E,361
anon_S672E,595
anon_S4167E,613
anon_S2534E,589
anon_S936E,637
anon_S6047E,773
anon_S4277E,654
anon_S5806E,773
anon_S654E,542
anon_S4592E,567
anon_S1162E,630
anon_S689E,574
anon_S971E,558
anon_S4356E,667
anon_S253E,561
anon_S5296E,597
anon_S5660E,640
anon_S2395E,755
anon_S5526E,761
anon_S1230E,604
anon_S3624E,588
anon_S234E,631
anon_S1302E,499
anon_S1168E,630
anon_S537E,482
anon_S5847E,773
anon_S697E,624
anon_S3474E,516
anon_S1004E,732
anon_S901E,602
anon_S1350E,309
anon_S402E,661
anon_S990E,617
anon_S1022E,735
anon_S1333E,651
anon_S1095E,574
anon_S3144E,608
anon_S1157E,630
anon_S5142E,711
anon_S2552E,569
anon_S1948E,515
anon_S2957E,618
anon_S3294E,569
anon_S4335E,666
anon_S2973E,583
anon_S4022E,501
anon_S1608E,573
anon_S670E,390
anon_S1742E,559
anon_S1355E,690
anon_S931E,345
anon_S4850E,510
anon_S3845E,665
anon_S1479E,624
anon_S922E,739
anon_S4031E,640
anon_S4350E,543
anon_S3649E,645
anon_S817E,487
anon_S2251E,628
anon_S4441E,656
anon_S708E,635
anon_S3931E,622
anon_S186E,638
anon_S4010E,599
anon_S3626E,631
anon_S1655E,678
anon_S2918E,601
anon_S211E,621
anon_S3095E,538
anon_S2109E,738
anon_S1289E,620
anon_S1232E,380
anon_S1254E,747
anon_S2537E,550
anon_S1305E,637
anon_S691E,747
anon_S3798E,324
anon_S5995E,656
anon_S5838E,646
anon_S451E,496
anon_S996E,624
anon_S4111E,568
anon_S861E,622
anon_S969E,604
anon_S4184E,547
anon_S1068E,576
anon_S4431E,597
anon_S796E,632
anon_S6122E,619
anon_S309E,597
anon_S4159E,557
anon_S1215E,621
anon_S3356E,634
anon_S4428E,656
anon_S4333E,605
anon_S2937E,597
anon_S3261E,622
anon_S4312E,654
anon_S676E,586
anon_S5841E,656
anon_S3773E,459
anon_S3369E,678
anon_S6037E,605
anon_S2947E,678
anon_S1020E,637
anon_S4596E,582
anon_S1423E,603
anon_S1385E,459
anon_S79E,580
anon_S2559E,656
anon_S3647E,610
anon_S840E,461
anon_S4166E,572
anon_S3555E,549
anon_S1321E,534
anon_S937E,634
anon_S4478E,654
anon_S4378E,510
anon_S4620E,666
anon_S213E,721
anon_S1663E,630
anon_S1252E,703
anon_S4227E,622
anon_S1000E,553
anon_S3322E,583
anon_S3373E,651
anon_S205E,489
anon_S994E,574
anon_S693E,644
anon_S123E,463
anon_S879E,641
anon_S1303E,719
anon_S4433E,695
anon_S4435E,656
anon_S5128E,716
anon_S351E,602
anon_S3085E,589
anon_S2135E,538
anon_S5346E,592
anon_S1338E,649
anon_S977E,688
anon_S6035E,502
anon_S5777E,629
anon_S1406E,459
anon_S4797E,608
anon_S1061E,555
anon_S3972E,515
anon_S842E,324
anon_S1876E,711
anon_S5134E,580
anon_S751E,742
anon_S3741E,690
anon_S215E,631
anon_S945E,507
anon_S3547E,729
anon_S4722E,529
anon_S248E,632
anon_S1205E,545
anon_S4542E,567
anon_S648E,520
anon_S620E,547
anon_S2904E,552
anon_S3371E,703
anon_S635E,629
anon_S3684E,610
anon_S3426E,589
anon_S943E,617
anon_S121E,599
anon_S830E,636
anon_S5820E,596
anon_S2817E,589
anon_S1837E,655
anon_S4468E,660
anon_S4486E,459
anon_S6032E,502
anon_S730E,517
anon_S314E,596
anon_S5883E,689
anon_S3265E,634
anon_S1143E,382
anon_S3455E,660
anon_S5616E,696
anon_S1226E,536
anon_S3338E,622
anon_S3735E,622
anon_S3560E,549
anon_S5069E,600
anon_S1740E,684
anon_S811E,515
anon_S1381E,459
anon_S141E,664
anon_S347E,630
anon_S5132E,450
anon_S1127E,650
anon_S1680E,620
anon_S5163E,563
anon_S432E,683
anon_S333E,547
anon_S5486E,693
anon_S947E,700
anon_S217E,660
anon_S646E,637
anon_S349E,831
anon_S4403E,501
anon_S4760E,693
anon_S1238E,544
anon_S3326E,694
anon_S1023E,660
anon_S2529E,742
anon_S109E,572
anon_S3173E,647
anon_S1623E,624
anon_S5020E,706
anon_S963E,572
anon_S918E,492
anon_S2720E,589
anon_S633E,566
anon_S767E,618
anon_S6056E,593
anon_S4360E,641
anon_S2964E,594
anon_S3826E,695
anon_S3267E,478
anon_S1224E,579
anon_S355E,627
anon_S3081E,605
anon_S3810E,597
anon_S5186E,668
anon_S1149E,630
anon_S1128E,531
anon_S3310E,613
anon_S669E,637
anon_S4880E,544
anon_S4434E,589
anon_S1383E,459
anon_S2794E,716
anon_S984E,593
anon_S3010E,695
anon_S5130E,513
anon_S434E,637
anon_S4385E,634
anon_S1310E,659
anon_S3588E,551
anon_S1529E,491
anon_S1201E,575
anon_S426E,636
anon_S4762E,581
anon_S2005E,551
anon_S699E,564
anon_S961E,613
anon_S5022E,572
anon_S2350E,608
anon_S4940E,572
anon_S1159E,630
anon_S3175E,538
anon_S575E,561
anon_S5288E,646
anon_S887E,616
anon_S761E,539
anon_S2210E,649
anon_S1445E,527
anon_S6021E,502
anon_S4195E,629
anon_S5516E,732
anon_S1439E,515
anon_S928E,712
anon_S457E,567
anon_S3950E,652
anon_S1708E,559
anon_S3069E,687
anon_S4547E,567
anon_S1684E,678
anon_S5532E,671
anon_S5417E,706
anon_S5507E,593
anon_S3669E,551
anon_S1203E,504
anon_S3712E,651
anon_S2912E,645
anon_S4316E,602
anon_S1075E,575
anon_S5791E,646
anon_S3641E,672
anon_S642E,503
anon_S3857E,589
anon_S3778E,678
anon_S4764E,715
anon_S999E,650
anon_S574E,534
anon_S967E,674
anon_S1627E,555
anon_S1434E,656
anon_S4149E,640
anon_S5826E,773
anon_S1397E,459
anon_S2893E,515
anon_S3620E,613
anon_S5458E,706
anon_S4881E,544
anon_S1368E,459
anon_S1275E,389
anon_S1806E,695
anon_S5153E,563
anon_S3332E,645
anon_S3349E,565
anon_S4545E,567
anon_S5705E,646
anon_S4845E,577
anon_S2241E,622
anon_S5811E,646
anon_S715E,679
anon_S2941E,709
anon_S1124E,697
anon_S5415E,717
anon_S6121E,619
anon_S3808E,634
anon_S3284E,610
anon_S2649E,695
anon_S912E,657
anon_S4266E,515
anon_S2114E,538
anon_S3888E,590
anon_S3750E,523
anon_S1395E,459
anon_S2279E,678
anon_S3766E,647
anon_S571E,482
anon_S3193E,538
anon_S1358E,459
anon_S4029E,660
anon_S852E,605
anon_S165E,463
anon_S346E,589
anon_S2908E,678
anon_S5876E,646
anon_S2897E,575
anon_S4262E,634
anon_S2285E,678
anon_S3330E,601
anon_S819E,602
anon_S581E,553
anon_S3557E,549
anon_S636E,637
anon_S4131E,622
anon_S4251E,589
anon_S2425E,589
anon_S1010E,609
anon_S5428E,717
anon_S1114E,665
anon_S3282E,527
anon_S717E,637
anon_S3811E,678
anon_S6054E,614
anon_S3966E,590
anon_S4768E,715
anon_S1243E,561
anon_S428E,801
anon_S2270E,564
anon_S1037E,661
anon_S2034E,696
anon_S573E,561
anon_S3191E,538
anon_S1500E,761
anon_S5535E,702
anon_S682E,598
anon_S794E,634
anon_S1142E,382
anon_S1402E,459
anon_S110E,628
anon_S3596E,628
anon_S604E,655
anon_S2572E,597
anon_S427E,544
anon_S1735E,684
anon_S1311E,541
anon_S2011E,601
anon_S461E,594
anon_S6097E,592
anon_S634E,656
anon_S3435E,755
anon_S2509E,641
anon_S959E,674
anon_S5473E,514
anon_S3158E,647
anon_S4554E,567
anon_S3658E,694
anon_S1450E,728
anon_S897E,708
anon_S4476E,568
anon_S5641E,603
anon_S799E,599
anon_S306E,633
anon_S1849E,775
anon_S3605E,559
anon_S4156E,525
anon_S3280E,613
anon_S719E,606
anon_S3277E,515
anon_S553E,482
anon_S3789E,711
anon_S3939E,696
anon_S1629E,650
anon_S1298E,528
anon_S978E,576
anon_S3527E,636
anon_S4617E,623
anon_S4078E,634
anon_S680E,626
anon_S5547E,766
anon_S5177E,685
anon_S5407E,715
anon_S878E,564
anon_S3691E,568
anon_S1046E,637
anon_S1141E,382
anon_S1698E,633
anon_S5436E,597
anon_S5159E,563
anon_S386E,581
anon_S3334E,622
anon_S5703E,646
anon_S4843E,591
anon_S2832E,523
anon_S6022E,502
anon_S3690E,574
anon_S4202E,559
anon_S5674E,705
anon_S663E,592
anon_S345E,396
anon_S957E,632
anon_S5424E,717
anon_S3125E,538
anon_S4552E,567
anon_S5114E,517
anon_S895E,654
anon_S4492E,459
anon_S1424E,647
anon_S5562E,505
anon_S5804E,646
anon_S613E,645
anon_S5097E,511
anon_S3366E,624
anon_S5102E,520
anon_S4964E,644
anon_S679E,564
anon_S5719E,646
anon_S424E,634
anon_S823E,652
anon_S2568E,589
anon_S5112E,580
anon_S4285E,629
anon_S5282E,646
anon_S1304E,688
anon_S6031E,502
anon_S5450E,614
anon_S2433E,695
anon_S321E,561
anon_S1539E,750
anon_S2608E,589
anon_S1332E,674
anon_S493E,659
anon_S384E,621
anon_S1228E,562
anon_S2939E,515
anon_S1442E,496
anon_S1286E,704
anon_S908E,618
anon_S2514E,589
anon_S2346E,752
anon_S1070E,658
anon_S4505E,643
anon_S3654E,625
anon_S3689E,645
anon_S587E,345
anon_S893E,746
anon_S136E,752
anon_S5499E,593
anon_S4467E,629
anon_S1950E,584
anon_S3100E,538
anon_S4390E,660
anon_S4451E,656
anon_S277E,618
anon_S2959E,478
anon_S1267E,631
anon_S1656E,610
anon_S148E,615
anon_S5125E,682
anon_S3360E,597
anon_S3776E,590
anon_S2944E,515
anon_S5661E,497
anon_S422E,662
anon_S579E,623
anon_S4533E,575
anon_S4599E,567
anon_S1649E,655
anon_S1412E,459
anon_S3695E,685
anon_S3598E,622
anon_S4373E,549
anon_S707E,536
anon_S3786E,695
anon_S4359E,667
anon_S3998E,501
anon_S1437E,380
anon_S4199E,656
anon_S382E,498
anon_S4774E,567
anon_S1146E,630
anon_S1280E,647
anon_S4551E,567
anon_S3793E,602
anon_S3329E,659
anon_S3724E,629
anon_S4000E,501
anon_S563E,532
anon_S3916E,459
anon_S866E,645
anon_S2872E,589
anon_S4553E,567
anon_S4735E,529
anon_S1265E,589
anon_S1212E,692
anon_S5127E,716
anon_S100E,567
anon_S1352E,690
anon_S1329E,674
anon_S986E,631
anon_S653E,576
anon_S475E,601
anon_S827E,561
anon_S358E,364
anon_S3868E,589
anon_S849E,690
anon_S4049E,672
anon_S118E,599
anon_S1421E,615
anon_S2604E,684
anon_S2906E,740
anon_S497E,576
anon_S380E,320
anon_S2888E,622
anon_S1401E,459
anon_S3345E,622
anon_S951E,662
anon_S904E,637
anon_S3476E,523
anon_S1002E,551
anon_S1611E,610
anon_S1282E,585
anon_S1235E,614
anon_S5116E,717
anon_S4002E,501
anon_S1057E,655
anon_S4463E,634
anon_S726E,500
anon_S791E,667
anon_S3650E,705
anon_S802E,618
anon_S1210E,635
anon_S1158E,630
anon_S4181E,605
anon_S5121E,697
anon_S436E,621
anon_S542E,482
anon_S3302E,651
anon_S3299E,628
anon_S2667E,589
anon_S688E,637
anon_S655E,597
anon_S3409E,589
anon_S825E,572
anon_S3895E,459
anon_S3840E,602
anon_S970E,729
anon_S3651E,672
anon_S608E,608
anon_S1148E,630
anon_S344E,533
anon_S2442E,706
anon_S3131E,622
anon_S4377E,510
anon_S2606E,695
anon_S5224E,692
anon_S1053E,637
anon_S6030E,502
anon_S3633E,565
anon_S4388E,577
anon_S3252E,629
anon_S3203E,655
anon_S1259E,589
anon_S2545E,618
anon_S906E,637
anon_S1237E,540
anon_S1373E,459
anon_S862E,622
anon_S2989E,589
anon_S4051E,597
anon_S1722E,699
anon_S1595E,671
anon_S939E,691
anon_S1011E,657
anon_S5396E,558
anon_S1032E,637
anon_S2465E,695
anon_S5118E,544
anon_S4461E,656
anon_S1154E,630
anon_S3178E,647
anon_S6127E,502
anon_S4334E,666
anon_S2938E,309
anon_S5123E,546
anon_S390E,654
anon_S1065E,335
anon_S1216E,587
anon_S4985E,682
anon_S1478E,678
anon_S923E,548
anon_S4050E,678
anon_S3020E,742
anon_S3184E,538
anon_S5426E,706
anon_S5438E,777
anon_S4057E,590
anon_S155E,540
anon_S1055E,573
anon_S4357E,667
anon_S1480E,657
anon_S6024E,502
anon_S709E,564
anon_S3799E,589
anon_S206E,621
anon_S900E,535
anon_S920E,658
anon_S425E,545
anon_S5863E,646
anon_S1231E,591
anon_S126E,549
anon_S860E,622
anon_S4224E,630
anon_S696E,705
anon_S3945E,459
anon_S1003E,629
anon_S112E,567
anon_S3145E,647
anon_S1156E,630
anon_S4546E,575
anon_S2727E,740
anon_S592E,633
anon_S991E,672
anon_S1178E,547
anon_S3610E,610
anon_S1107E,496
anon_S4089E,515
anon_S1214E,664
anon_S4093E,703
anon_S1634E,752
anon_S3899E,602
anon_S3450E,720
anon_S3168E,696
anon_S3186E,538
anon_S5419E,717
anon_S4757E,590
anon_S4123E,622
anon_S4427E,656
anon_S974E,588
anon_S921E,436
anon_S1427E,620
anon_S756E,603
anon_S4479E,661
anon_S1113E,665
anon_S3666E,622
anon_S4458E,590
anon_S2894E,622
anon_S1208E,667
anon_S2882E,575
anon_S1255E,548
anon_S4442E,624
anon_S1573E,737
anon_S902E,638
anon_S210E,621
anon_S2177E,723
anon_S1288E,542
anon_S1233E,496
anon_S5664E,635
anon_S659E,637
anon_S1314E,637
anon_S3625E,637
anon_S1136E,631
anon_S1609E,696
anon_S4150E,599
anon_S1878E,690
anon_S2730E,590
anon_S3350E,584
anon_S2655E,523
anon_S964E,637
anon_S3993E,738
anon_S4100E,568
anon_S3498E,695
anon_S4699E,564
anon_S2181E,577
anon_S4589E,529
anon_S2256E,590
anon_S4059E,566
anon_S4513E,568
anon_S3150E,606
anon_S3059E,523
anon_S2348E,654
anon_S4577E,538
anon_S5291E,546
anon_S4811E,537
anon_S4802E,646
anon_S4715E,609
anon_S2345E,665
anon_S3370E,665
anon_S3541E,631
anon_S3859E,694
anon_S4172E,513
anon_S2698E,589
anon_S407E,645
anon_S859E,626
anon_S4897E,622
anon_S1969E,651
anon_S2761E,731
anon_S2911E,567
anon_S4992E,540
anon_S4840E,544
anon_S452E,641
anon_S2988E,695
anon_S2600E,695
anon_S5201E,668
anon_S5059E,564
anon_S23E,664
anon_S1110E,620
anon_S1117E,651
anon_S5749E,646
anon_S1696E,634
anon_S5939E,634
anon_S4615E,516
anon_S2277E,651
anon_S1019E,637
anon_S1050E,637
anon_S684E,637
anon_S778E,630
anon_S4744E,590
anon_S804E,654
anon_S3673E,559
anon_S1928E,583
anon_S5219E,564
anon_S609E,551
anon_S2046E,673
anon_S67E,634
anon_S4863E,517
anon_S1077E,617
anon_S4341E,543
anon_S5644E,566
anon_S286E,597
anon_S560E,667
anon_S5053E,622
anon_S3549E,567
anon_S5420E,717
anon_S4236E,602
anon_S2899E,631
anon_S5712E,534
anon_S5452E,564
anon_S3271E,652
anon_S4886E,668
anon_S1700E,648
anon_S567E,663
anon_S3837E,649
anon_S332E,658
anon_S4761E,581
anon_S3582E,632
anon_S5625E,491
anon_S997E,637
anon_S5956E,648
anon_S267E,632
anon_S727E,662
anon_S5895E,661
anon_S2179E,622
anon_S3157E,655
anon_S1548E,678
anon_S3538E,636
anon_S4606E,514
anon_S2487E,602
anon_S835E,569
anon_S270E,599
anon_S3229E,652
anon_S1544E,705
anon_S3004E,589
anon_S4339E,543
anon_S1779E,622
anon_S1877E,622
anon_S4399E,651
anon_S5392E,637
anon_S4432E,566
anon_S264E,634
anon_S769E,712
anon_S1033E,637
anon_S4550E,567
anon_S316E,642
anon_S5437E,648
anon_S208E,645
anon_S2295E,584
anon_S1571E,622
anon_S1841E,622
anon_S2013E,670
anon_S5347E,654
anon_S4721E,543
anon_S5780E,644
anon_S106E,625
anon_S3755E,645
anon_S394E,654
anon_S4081E,716
anon_S674E,637
anon_S1058E,637
anon_S3204E,568
anon_S4725E,590
anon_S4655E,600
anon_S4931E,622
anon_S1701E,662
anon_S4810E,537
anon_S3453E,602
anon_S5852E,656
anon_S1709E,595
anon_S5482E,671
anon_S69E,645
anon_S4157E,513
anon_S4987E,534
anon_S2057E,672
anon_S2535E,634
anon_S2613E,649
anon_S3627E,613
anon_S3978E,655
anon_S4798E,549
anon_S2339E,649
anon_S2929E,631
anon_S6014E,547
anon_S4230E,761
anon_S5989E,656
anon_S1652E,649
anon_S4173E,514
anon_S3925E,589
anon_S2721E,590
anon_S5779E,664
anon_S5681E,664
anon_S2386E,651
anon_S1992E,651
anon_S3335E,597
anon_S4830E,573
anon_S896E,637
anon_S1315E,637
anon_S4642E,600
anon_S2591E,695
anon_S1082E,601
anon_S4424E,594
anon_S2863E,589
anon_S1666E,590
anon_S3304E,584
anon_S5771E,646
anon_S3777E,634
anon_S6058E,720
anon_S2656E,574
anon_S1587E,684
anon_S6003E,635
anon_S145E,661
anon_S4187E,607
anon_S3497E,602
anon_S4323E,602
anon_S453E,641
anon_S527E,664
anon_S2136E,696
anon_S4960E,601
anon_S4821E,601
anon_S1390E,459
anon_S4366E,641
anon_S3901E,589
anon_S549E,662
anon_S3219E,711
anon_S5685E,646
anon_S3665E,613
anon_S4697E,570
anon_S1916E,654
anon_S3758E,523
anon_S890E,637
anon_S6062E,538
anon_S5471E,582
anon_S5990E,656
anon_S2030E,659
anon_S1140E,631
anon_S319E,643
anon_S5752E,629
anon_S4875E,601
anon_S5651E,539
anon_S2798E,636
anon_S3975E,652
anon_S1122E,697
anon_S8E,664
anon_S520E,664
anon_S3287E,711
anon_S2190E,622
anon_S2298E,622
anon_S5375E,637
anon_S5143E,541
anon_S629E,637
anon_S2873E,501
anon_S3531E,636
anon_S3594E,568
anon_S4664E,600
anon_S5735E,555
anon_S5210E,609
anon_S5579E,649
anon_S5906E,614
anon_S3929E,589
anon_S2830E,589
anon_S2620E,711
anon_S3609E,478
anon_S3352E,613
anon_S464E,624
anon_S3769E,637
anon_S1457E,642
anon_S1492E,651
anon_S2390E,523
anon_S4753E,590
anon_S4759E,590
anon_S290E,631
anon_S4044E,622
anon_S90E,645
anon_S2029E,583
anon_S168E,627
anon_S3196E,703
anon_S5556E,586
anon_S803E,618
anon_S4602E,581
anon_S256E,633
anon_S53E,664
anon_S4465E,589
anon_S6064E,535
anon_S4175E,514
anon_S2140E,622
anon_S1499E,645
anon_S1819E,645
anon_S2215E,544
anon_S68E,641
anon_S367E,755
anon_S5996E,656
anon_S5091E,519
anon_S4326E,589
anon_S3042E,584
anon_S5506E,593
anon_S2505E,655
anon_S1653E,649
anon_S4130E,715
anon_S966E,637
anon_S925E,637
anon_S1874E,678
anon_S3523E,636
anon_S1852E,761
anon_S170E,646
anon_S4799E,554
anon_S3940E,629
anon_S562E,579
anon_S3618E,575
anon_S3608E,705
anon_S2772E,561
anon_S361E,615
anon_S246E,664
anon_S2192E,622
anon_S3599E,613
anon_S2147E,651
anon_S5257E,635
anon_S909E,637
anon_S3232E,523
anon_S1831E,660
anon_S1918E,751
anon_S2383E,648
anon_S228E,649
anon_S5891E,661
anon_S442E,710
anon_S6072E,732
anon_S463E,638
anon_S3222E,561
anon_S1731E,622
anon_S1466E,655
anon_S2878E,638
anon_S1528E,661
anon_S1460E,566
anon_S5699E,720
anon_S941E,637
anon_S3802E,523
anon_S3461E,646
anon_S5341E,610
anon_S5333E,634
anon_S5946E,619
anon_S1549E,696
anon_S2919E,601
anon_S2240E,575
anon_S5905E,614
anon_S4105E,568
anon_S1586E,624
anon_S1861E,530
anon_S413E,651
anon_S3306E,568
anon_S5164E,568
anon_S184E,646
anon_S1171E,665
anon_S227E,621
anon_S5765E,629
anon_S31E,664
anon_S546E,482
anon_S2338E,711
anon_S1072E,658
anon_S2561E,590
anon_S368E,601
anon_S4011E,645
anon_S5754E,646
anon_S1613E,613
anon_S221E,662
anon_S5537E,655
anon_S3949E,597
anon_S6101E,655
anon_S3466E,602
anon_S5401E,593
anon_S2475E,703
anon_S5894E,661
anon_S6E,664
anon_S522E,663
anon_S5041E,706
anon_S2771E,589
anon_S1789E,622
anon_S2072E,622
anon_S1732E,647
anon_S2662E,634
anon_S5399E,574
anon_S1222E,692
anon_S4297E,597
anon_S954E,637
anon_S658E,637
anon_S4061E,568
anon_S2431E,662
anon_S1817E,659
anon_S3218E,629
anon_S3086E,743
anon_S3290E,703
anon_S2484E,703
anon_S5872E,629
anon_S1392E,459
anon_S2556E,589
anon_S1823E,590
anon_S5274E,646
anon_S3111E,634
anon_S2733E,655
anon_S4142E,566
anon_S5315E,603
anon_S2408E,523
anon_S4957E,550
anon_S4525E,723
anon_S6039E,655
anon_S565E,665
anon_S2625E,590
anon_S1944E,622
anon_S1751E,711
anon_S1685E,654
anon_S5549E,630
anon_S4890E,568
anon_S3671E,597
anon_S650E,637
anon_S2036E,711
anon_S3529E,636
anon_S5299E,597
anon_S2130E,602
anon_S6116E,597
anon_S511E,662
anon_S56E,639
anon_S26E,664
anon_S4407E,709
anon_S2792E,705
anon_S1749E,622
anon_S4108E,634
anon_S233E,676
anon_S4610E,627
anon_S435E,637
anon_S1681E,753
anon_S419E,624
anon_S628E,637
anon_S790E,583
anon_S1525E,696
anon_S2212E,703
anon_S2268E,622
anon_S1493E,584
anon_S1943E,711
anon_S4258E,566
anon_S3615E,715
anon_S1719E,597
anon_S2105E,651
anon_S640E,637
anon_S1027E,637
anon_S4501E,568
anon_S4072E,654
anon_S2033E,529
anon_S4885E,582
anon_S2237E,659
anon_S2283E,768
anon_S1833E,595
anon_S409E,756
anon_S4882E,614
anon_S4398E,589
anon_S3054E,590
anon_S821E,709
anon_S3638E,501
anon_S1921E,738
anon_S1531E,623
anon_S4751E,590
anon_S166E,646
anon_S1883E,649
anon_S1753E,622
anon_S5787E,646
anon_S1669E,645
anon_S583E,597
anon_S4509E,548
anon_S5897E,593
anon_S5223E,692
anon_S4381E,599
anon_S2303E,667
anon_S3896E,523
anon_S3548E,584
anon_S4440E,568
anon_S5940E,549
anon_S4883E,609
anon_S3324E,694
anon_S6019E,546
anon_S7E,664
anon_S2714E,589
anon_S4065E,589
anon_S3384E,578
anon_S5800E,646
anon_S3833E,523
anon_S5073E,600
anon_S124E,724
anon_S3500E,644
anon_S3772E,665
anon_S5676E,629
anon_S3283E,694
anon_S4522E,723
anon_S4395E,709
anon_S2050E,622
anon_S5798E,646
anon_S6009E,597
anon_S3099E,678
anon_S4789E,563
anon_S5293E,547
anon_S4660E,600
anon_S2259E,646
anon_S4327E,602
anon_S1079E,627
anon_S5491E,662
anon_S4438E,695
anon_S3129E,696
anon_S5871E,629
anon_S1384E,649
anon_S203E,655
anon_S736E,599
anon_S4943E,576
anon_S2787E,649
anon_S5860E,646
anon_S3297E,634
anon_S2791E,678
anon_S2553E,655
anon_S3703E,640
anon_S4324E,602
anon_S2860E,693
anon_S2371E,659
anon_S2340E,665
anon_S4519E,522
anon_S1971E,630
anon_S1839E,630
anon_S5799E,629
anon_S4935E,682
anon_S1799E,594
anon_S4336E,546
anon_S4418E,624
anon_S5732E,646
anon_S5778E,646
anon_S5793E,646
anon_S2160E,622
anon_S3713E,655
anon_S3295E,637
anon_S5662E,635
anon_S678E,637
anon_S3210E,660
anon_S2376E,761
anon_S3344E,559
anon_S1496E,703
anon_S513E,664
anon_S484E,561
anon_S2871E,703
anon_S47E,664
anon_S3116E,696
anon_S5520E,732
anon_S3941E,459
anon_S4717E,534
anon_S5467E,530
anon_S4345E,546
anon_S2441E,634
anon_S4101E,584
anon_S2864E,678
anon_S1784E,638
anon_S4676E,577
anon_S4675E,649
anon_S3781E,693
anon_S1712E,715
anon_S1600E,638
anon_S2550E,597
anon_S4214E,705
anon_S2142E,622
anon_S611E,546
anon_S5062E,600
anon_S5148E,582
anon_S1998E,703
anon_S2308E,583
anon_S3180E,647
anon_S2611E,709
anon_S2765E,705
anon_S4795E,597
anon_S3725E,722
anon_S3382E,521
anon_S2398E,649
anon_S1879E,584
anon_S1773E,544
anon_S4595E,582
anon_S3580E,566
anon_S2082E,646
anon_S3711E,716
anon_S952E,637
anon_S1856E,597
anon_S4221E,660
anon_S5157E,717
anon_S4033E,629
anon_S4045E,695
anon_S2318E,696
anon_S5803E,629
anon_S3249E,642
anon_S4854E,602
anon_S4693E,561
anon_S723E,563
anon_S5961E,547
anon_S4091E,654
anon_S2934E,662
anon_S1169E,630
anon_S6060E,600
anon_S1151E,630
anon_S1581E,696
anon_S3795E,459
anon_S4994E,538
anon_S1184E,622
anon_S1504E,622
anon_S59E,597
anon_S6094E,593
anon_S2740E,634
anon_S5360E,550
anon_S844E,691
anon_S1131E,637
anon_S883E,637
anon_S3076E,597
anon_S2110E,755
anon_S2121E,755
anon_S4652E,600
anon_S3253E,631
anon_S2854E,693
anon_S3417E,630
anon_S5717E,629
anon_S3413E,589
anon_S2313E,649
anon_S2118E,589
anon_S5715E,646
anon_S2146E,584
anon_S4117E,655
anon_S5036E,516
anon_S5540E,655
anon_S4510E,548
anon_S2086E,642
anon_S5663E,635
anon_S644E,637
anon_S322E,595
anon_S1780E,696
anon_S2362E,703
anon_S3128E,647
anon_S4288E,589
anon_S1647E,622
anon_S1862E,692
anon_S4161E,600
anon_S5144E,536
anon_S3263E,642
anon_S1312E,637
anon_S3441E,597
anon_S3250E,523
anon_S3699E,623
anon_S3847E,654
anon_S2920E,751
anon_S3084E,695
anon_S2126E,647
anon_S1220E,676
anon_S5297E,598
anon_S734E,599
anon_S3006E,589
anon_S5824E,596
anon_S220E,525
anon_S2804E,655
anon_S3813E,733
anon_S4255E,566
anon_S3675E,720
anon_S3964E,501
anon_S2131E,755
anon_S14E,665
anon_S1772E,643
anon_S5149E,581
anon_S4607E,517
anon_S3096E,653
anon_S191E,643
anon_S2650E,631
anon_S3639E,575
anon_S5784E,629
anon_S5695E,614
anon_S265E,632
anon_S2331E,622
anon_S2810E,561
anon_S5875E,646
anon_S2459E,590
anon_S5761E,646
anon_S2745E,711
anon_S279E,637
anon_S5222E,693
anon_S618E,646
anon_S935E,637
anon_S530E,665
anon_S5794E,644
anon_S4968E,600
anon_S4754E,590
anon_S3537E,636
anon_S2400E,529
anon_S5569E,630
anon_S4528E,651
anon_S3751E,703
anon_S5421E,609
anon_S5888E,661
anon_S4110E,589
anon_S601E,655
anon_S3364E,613
anon_S5352E,637
anon_S20E,664
anon_S1635E,752
anon_S4600E,581
anon_S5155E,603
anon_S911E,637
anon_S1881E,711
anon_S46E,664
anon_S1993E,602
anon_S3048E,716
anon_S4769E,609
anon_S5161E,573
anon_S1776E,696
anon_S1978E,703
anon_S3318E,575
anon_S3534E,629
anon_S5944E,657
anon_S2539E,589
anon_S2296E,621
anon_S5016E,705
anon_S3856E,584
anon_S2526E,634
anon_S4611E,627
anon_S4116E,608
anon_S5640E,651
anon_S4231E,631
anon_S4999E,622
anon_S216E,631
anon_S4732E,609
anon_S3049E,629
anon_S3664E,703
anon_S2254E,630
anon_S1905E,703
anon_S594E,697
anon_S5301E,598
anon_S5696E,646
anon_S1818E,590
anon_S4543E,568
anon_S1929E,651
anon_S1498E,631
anon_S712E,637
anon_S308E,634
anon_S2120E,646
anon_S3936E,666
anon_S4314E,602
anon_S2581E,629
anon_S3721E,695
anon_S2741E,636
anon_S2569E,594
anon_S5247E,561
anon_S3910E,573
anon_S4343E,547
anon_S2726E,634
anon_S5667E,635
anon_S4443E,637
anon_S3176E,608
anon_S4085E,654
anon_S4170E,601
anon_S3577E,515
anon_S3314E,622
anon_S3489E,602
anon_S4787E,575
anon_S6095E,592
anon_S5156E,648
anon_S4574E,605
anon_S5760E,629
anon_S1754E,672
anon_S3544E,631
anon_S3708E,715
anon_S2638E,647
anon_S4782E,594
anon_S656E,637
anon_S701E,637
anon_S1294E,637
anon_S2453E,646
anon_S5024E,546
anon_S4815E,646
anon_S487E,598
anon_S737E,588
anon_S4937E,682
anon_S4344E,544
anon_S1093E,599
anon_S2145E,711
anon_S3201E,634
anon_S1541E,584
anon_S1467E,584
anon_S2678E,561
anon_S2393E,561
anon_S2515E,678
anon_S2790E,808
anon_S6020E,550
anon_S5300E,598
anon_S2914E,720
anon_S5043E,562
anon_S512E,660
anon_S3953E,597
anon_S3301E,689
anon_S1096E,757
anon_S2273E,665
anon_S1592E,695
anon_S1540E,622
anon_S5463E,731
anon_S1497E,624
anon_S3488E,584
anon_S4756E,581
anon_S1510E,544
anon_S1688E,692
anon_S3554E,552
anon_S5710E,693
anon_S686E,637
anon_S962E,637
anon_S1120E,546
anon_S2294E,651
anon_S164E,646
anon_S4367E,643
anon_S5856E,656
anon_S303E,640
anon_S5983E,656
anon_S5957E,603
anon_S312E,634
anon_S1805E,742
anon_S5933E,619
anon_S4355E,573
anon_S4548E,570
anon_S1399E,459
anon_S3982E,652
anon_S1176E,651
anon_S2861E,584
anon_S2031E,655
anon_S1761E,638
anon_S5216E,599
anon_S885E,637
anon_S718E,637
anon_S1495E,654
anon_S776E,630
anon_S4572E,600
anon_S4969E,600
anon_S4634E,600
anon_S2767E,654
anon_S795E,521
anon_S3183E,696
anon_S5966E,593
anon_S5558E,547
anon_S3379E,578
anon_S244E,664
anon_S2719E,618
anon_S1674E,584
anon_S1815E,613
anon_S400E,661
anon_S2709E,655
anon_S4437E,634
anon_S4836E,644
anon_S1278E,637
anon_S4544E,569
anon_S3545E,552
anon_S2951E,566
anon_S5403E,524
anon_S5980E,504
anon_S1115E,665
anon_S4151E,601
anon_S1526E,696
anon_S3062E,695
anon_S5189E,668
anon_S5868E,629
anon_S4716E,534
anon_S4851E,570
anon_S4259E,589
anon_S488E,604
anon_S5978E,583
anon_S1035E,637
anon_S5305E,599
anon_S1418E,648
anon_S5768E,629
anon_S3436E,624
anon_S5270E,646
anon_S3169E,655
anon_S3374E,584
anon_S2762E,657
anon_S1903E,612
anon_S4267E,567
anon_S3386E,753
anon_S888E,637
anon_S5374E,636
anon_S4067E,654
anon_S5965E,650
anon_S153E,597
anon_S192E,649
anon_S2022E,621
anon_S1743E,622
anon_S854E,622
anon_S5809E,646
anon_S3043E,584
anon_S5276E,646
anon_S3385E,645
anon_S4369E,644
anon_S1979E,622
anon_S4938E,622
anon_S4865E,581
anon_S4874E,573
anon_S5668E,635
anon_S4816E,675
anon_S3743E,523
anon_S4934E,589
anon_S5986E,656
anon_S5997E,656
anon_S3127E,631
anon_S117E,646
anon_S5366E,525
anon_S2778E,589
anon_S6011E,591
anon_S1715E,622
anon_S2059E,622
anon_S2112E,670
anon_S2039E,711
anon_S4909E,590
anon_S2399E,707
anon_S2952E,622
anon_S5006E,609
anon_S3121E,647
anon_S262E,627
anon_S5365E,526
anon_S4295E,589
anon_S3546E,636
anon_S169E,645
anon_S2636E,584
anon_S5682E,646
anon_S2742E,634
anon_S3617E,613
anon_S5292E,546
anon_S4929E,541
anon_S5552E,591
anon_S2055E,681
anon_S5178E,648
anon_S4684E,709
anon_S4190E,601
anon_S5604E,591
anon_S28E,664
anon_S4121E,645
anon_S4639E,627
anon_S929E,637
anon_S1934E,606
anon_S60E,640
anon_S1981E,711
anon_S3968E,646
anon_S3601E,689
anon_S193E,647
anon_S3422E,602
anon_S3672E,708
anon_S1640E,696
anon_S5709E,661
anon_S2963E,695
anon_S5969E,547
anon_S4687E,622
anon_S304E,711
anon_S1177E,651
anon_S2351E,584
anon_S5536E,657
anon_S1720E,588
anon_S3197E,606
anon_S1668E,623
anon_S4342E,544
anon_S3473E,602
anon_S3501E,602
anon_S5212E,609
anon_S1101E,757
anon_S5229E,600
anon_S5195E,668
anon_S6042E,601
anon_S4781E,614
anon_S514E,664
anon_S5261E,665
anon_S387E,533
anon_S4361E,612
anon_S2171E,650
anon_S1063E,637
anon_S661E,637
anon_S4663E,600
anon_S5051E,600
anon_S5080E,600
anon_S4650E,600
anon_S3574E,693
anon_S4942E,595
anon_S5857E,656
anon_S1958E,583
anon_S3078E,703
anon_S1516E,732
anon_S5815E,629
anon_S818E,653
anon_S5759E,646
anon_S5763E,646
anon_S2275E,584
anon_S1547E,584
anon_S607E,655
anon_S2041E,606
anon_S5218E,600
anon_S6052E,541
anon_S3909E,515
anon_S1792E,708
anon_S3421E,602
anon_S2129E,740
anon_S3995E,696
anon_S1219E,676
anon_S5361E,577
anon_S2038E,622
anon_S5792E,646
anon_S4053E,584
anon_S4814E,622
anon_S2138E,642
anon_S1420E,648
anon_S300E,608
anon_S2207E,751
anon_S4621E,590
anon_S4400E,695
anon_S4103E,695
anon_S1163E,630
anon_S5742E,646
anon_S2809E,624
anon_S4182E,666
anon_S4688E,623
anon_S178E,646
anon_S5303E,599
anon_S5867E,629
anon_S1824E,705
anon_S5479E,647
anon_S2198E,584
anon_S5689E,646
anon_S3447E,657
anon_S3518E,657
anon_S3402E,655
anon_S938E,637
anon_S5322E,635
anon_S3403E,631
anon_S3551E,549
anon_S5225E,640
anon_S4846E,577
anon_S1456E,609
anon_S1446E,663
anon_S2994E,589
anon_S2202E,622
anon_S5496E,593
anon_S4114E,655
anon_S3842E,634
anon_S2686E,670
anon_S4043E,734
anon_S1545E,651
anon_S4014E,553
anon_S5669E,635
anon_S2926E,628
anon_S637E,637
anon_S1008E,637
anon_S1001E,637
anon_S2380E,782
anon_S2800E,665
anon_S21E,664
anon_S5892E,661
anon_S3791E,732
anon_S3841E,695
anon_S5356E,571
anon_S97E,638
anon_S4536E,570
anon_S1972E,584
anon_S5541E,655
anon_S340E,738
anon_S4102E,637
anon_S6080E,656
anon_S5977E,546
anon_S1570E,692
anon_S3286E,706
anon_S2151E,775
anon_S482E,610
anon_S4473E,589
anon_S5873E,646
anon_S4604E,731
anon_S5670E,689
anon_S5738E,646
anon_S254E,636
anon_S5979E,512
anon_S2746E,649
anon_S3392E,655
anon_S4562E,518
anon_S57E,634
anon_S713E,637
anon_S1129E,637
anon_S2316E,648
anon_S3462E,602
anon_S2281E,768
anon_S5889E,661
anon_S2221E,740
anon_S5959E,614
anon_S3674E,732
anon_S330E,633
anon_S3212E,636
anon_S5277E,646
anon_S5766E,646
anon_S5087E,599
anon_S3038E,584
anon_S4026E,678
anon_S2913E,667
anon_S1271E,637
anon_S5693E,640
anon_S1601E,678
anon_S1800E,546
anon_S72E,609
anon_S6081E,656
anon_S281E,631
anon_S1729E,742
anon_S2250E,676
anon_S3323E,590
anon_S3105E,710
anon_S2701E,621
anon_S3623E,695
anon_S2786E,657
anon_S3353E,613
anon_S1843E,634
anon_S1853E,597
anon_S4420E,597
anon_S4625E,590
anon_S3118E,602
anon_S3493E,602
anon_S4771E,548
anon_S4947E,666
anon_S2193E,671
anon_S2387E,725
anon_S6067E,629
anon_S1598E,696
anon_S2884E,575
anon_S1942E,618
anon_S770E,715
anon_S4888E,537
anon_S405E,714
anon_S3607E,721
anon_S4907E,657
anon_S5813E,646
anon_S1982E,544
anon_S2517E,638
anon_S614E,646
anon_S3883E,667
anon_S671E,637
anon_S3225E,654
anon_S6111E,649
anon_S2623E,652
anon_S2481E,768
anon_S792E,637
anon_S1135E,631
anon_S2095E,699
anon_S1703E,654
anon_S3285E,676
anon_S3869E,649
anon_S1984E,622
anon_S3213E,590
anon_S4115E,633
anon_S3107E,667
anon_S2073E,651
anon_S4681E,649
anon_S4192E,569
anon_S5561E,590
anon_S5404E,525
anon_S1961E,654
anon_S605E,655
anon_S5371E,696
anon_S5698E,646
anon_S5060E,611
anon_S2789E,657
anon_S5930E,692
anon_S3289E,667
anon_S2965E,657
anon_S2936E,628
anon_S4933E,568
anon_S1005E,637
anon_S3000E,606
anon_S1783E,651
anon_S5853E,656
anon_S3517E,602
anon_S3680E,693
anon_S167E,646
anon_S766E,637
anon_S1654E,601
anon_S3427E,630
anon_S5321E,635
anon_S5746E,629
anon_S3182E,647
anon_S177E,646
anon_S5343E,558
anon_S5901E,664
anon_S2998E,645
anon_S1951E,670
anon_S3387E,590
anon_S3012E,655
anon_S3528E,647
anon_S622E,547
anon_S1582E,751
anon_S4379E,585
anon_S3784E,629
anon_S2486E,695
anon_S3162E,647
anon_S5015E,706
anon_S768E,618
anon_S5908E,614
anon_S5694E,646
anon_S5727E,646
anon_S1999E,786
anon_S532E,549
anon_S1062E,637
anon_S1080E,627
anon_S181E,646
anon_S4895E,646
anon_S4956E,609
anon_S3305E,716
anon_S750E,742
anon_S3561E,553
anon_S2224E,630
anon_S441E,710
anon_S832E,636
anon_S2341E,654
anon_S3829E,652
anon_S4922E,639
anon_S2681E,636
anon_S3510E,642
anon_S5762E,646
anon_S5700E,646
anon_S5774E,646
anon_S800E,618
anon_S2353E,622
anon_S4396E,584
anon_S2101E,544
anon_S4129E,650
anon_S872E,637
anon_S1897E,606
anon_S3959E,501
anon_S242E,665
anon_S2693E,644
anon_S570E,488
anon_S4829E,611
anon_S5188E,668
anon_S3411E,696
anon_S1391E,459
anon_S2648E,636
anon_S2688E,561
anon_S3228E,657
anon_S1546E,622
anon_S3223E,634
anon_S2305E,655
anon_S4805E,648
anon_S5666E,635
anon_S2528E,646
anon_S788E,666
anon_S1834E,711
anon_S5104E,590
anon_S4822E,590
anon_S3999E,629
anon_S3172E,696
anon_S4353E,645
anon_S3852E,589
anon_S313E,711
anon_S3682E,590
anon_S5671E,689
anon_S5704E,646
anon_S315E,669
anon_S2849E,584
anon_S1543E,634
anon_S1793E,622
anon_S5756E,644
anon_S3185E,692
anon_S2981E,655
anon_S5387E,558
anon_S393E,654
anon_S4765E,589
anon_S5342E,614
anon_S1300E,637
anon_S5359E,594
anon_S2544E,642
anon_S2159E,651
anon_S5064E,600
anon_S4794E,607
anon_S3729E,725
anon_S2116E,703
anon_S5769E,629
anon_S863E,622
anon_S2107E,645
anon_S843E,690
anon_S3246E,584
anon_S3734E,786
anon_S4878E,544
anon_S903E,637
anon_S2752E,646
anon_S2531E,646
anon_S3780E,660
anon_S3002E,654
anon_S2909E,716
anon_S1563E,659
anon_S3687E,601
anon_S4444E,695
anon_S5697E,629
anon_S5578E,662
anon_S5887E,751
anon_S2927E,624
anon_S1989E,622
anon_S5767E,646
anon_S5271E,646
anon_S1174E,651
anon_S5539E,655
anon_S4571E,731
anon_S3818E,616
anon_S3091E,606
anon_S486E,738
anon_S2916E,667
anon_S886E,637
anon_S2586E,652
anon_S5865E,715
anon_S1085E,587
anon_S17E,664
anon_S597E,697
anon_S353E,775
anon_S4223E,645
anon_S2749E,786
anon_S3363E,651
anon_S3151E,737
anon_S5269E,711
anon_S392E,654
anon_S2891E,667
anon_S2773E,667
anon_S2793E,608
anon_S4021E,631
anon_S5139E,667
anon_S4626E,666
anon_S3613E,679
anon_S831E,636
anon_S3115E,647
anon_S3272E,678
anon_S3730E,722
anon_S3093E,649
anon_S2194E,622
anon_S2449E,711
anon_S3215E,584
anon_S4766E,581
anon_S4112E,638
anon_S1542E,651
anon_S5324E,653
anon_S1048E,637
anon_S1054E,637
anon_S2437E,684
anon_S3171E,608
anon_S104E,599
anon_S5406E,600
anon_S5335E,702
anon_S5230E,600
anon_S1935E,703
anon_S1863E,630
anon_S4827E,586
anon_S3029E,711
anon_S3376E,655
anon_S1828E,634
anon_S2768E,689
anon_S2404E,684
anon_S4212E,761
anon_S4758E,590
anon_S2493E,629
anon_S6084E,656
anon_S4912E,704
anon_S3485E,695
anon_S444E,710
anon_S5736E,629
anon_S3044E,695
anon_S4242E,652
anon_S4978E,682
anon_S1564E,590
anon_S5728E,646
anon_S4696E,581
anon_S4386E,729
anon_S2020E,606
anon_S1458E,666
anon_S4724E,670
anon_S2265E,606
anon_S1717E,630
anon_S1521E,660
anon_S4168E,604
anon_S4506E,623
anon_S3134E,647
anon_S1354E,640
anon_S1954E,654
anon_S2806E,695
anon_S3880E,574
anon_S3088E,676
anon_S2549E,589
anon_S4273E,652
anon_S1534E,561
anon_S2026E,622
anon_S1679E,622
anon_S1838E,622
anon_S257E,641
anon_S3155E,655
anon_S4685E,704
anon_S3027E,646
anon_S4974E,622
anon_S5105E,590
anon_S5367E,534
anon_S3990E,629
anon_S5077E,648
anon_S2555E,636
anon_S3380E,589
anon_S1730E,622
anon_S2445E,645
anon_S5864E,664
anon_S2423E,584
anon_S3375E,786
anon_S1997E,662
anon_S4746E,590
anon_S4745E,590
anon_S5327E,650
anon_S3702E,622
anon_S4710E,609
anon_S5948E,617
anon_S2984E,743
anon_S3679E,693
anon_S2191E,690
anon_S2213E,636
anon_S2705E,649
anon_S5643E,632
anon_S5898E,642
anon_S4106E,657
anon_S3242E,655
anon_S2816E,734
anon_S3260E,530
anon_S2570E,501
anon_S4530E,609
anon_S5534E,687
anon_S285E,640
anon_S3239E,695
anon_S5198E,697
anon_S3075E,694
anon_S5109E,715
anon_S4071E,589
anon_S2758E,645
anon_S4903E,622
anon_S4310E,657
anon_S4364E,679
anon_S998E,637
anon_S1930E,597
anon_S3114E,715
anon_S2492E,597
anon_S1991E,631
anon_S4661E,600
anon_S4740E,609
anon_S5861E,629
anon_S3717E,694
anon_S5338E,705
anon_S3240E,652
anon_S3056E,711
anon_S5649E,541
anon_S5782E,646
anon_S5242E,664
anon_S223E,525
anon_S5390E,558
anon_S3469E,650
anon_S1964E,634
anon_S3288E,654
anon_S641E,637
anon_S3906E,650
anon_S4683E,710
anon_S4358E,668
anon_S4730E,590
anon_S4752E,590
anon_S2027E,622
anon_S3539E,636
anon_S2819E,695
anon_S2780E,636
anon_S3451E,589
anon_S3552E,632
anon_S4270E,634
anon_S2152E,622
anon_S2643E,711
anon_S4609E,627
anon_S5931E,692
anon_S4612E,573
anon_S3825E,707
anon_S91E,640
anon_S1347E,751
anon_S4694E,600
anon_S4294E,654
anon_S5027E,622
anon_S2411E,648
anon_S3653E,662
anon_S5638E,656
anon_S187E,642
anon_S810E,724
anon_S2100E,665
anon_S1599E,695
anon_S1389E,459
anon_S3709E,652
anon_S3458E,723
anon_S2825E,723
anon_S1802E,711
anon_S4311E,634
anon_S2948E,624
anon_S1673E,624
anon_S446E,692
anon_S2717E,657
anon_S5393E,558
anon_S4039E,656
anon_S3030E,656
anon_S5610E,637
anon_S1281E,637
anon_S1257E,635
anon_S2363E,638
anon_S3327E,515
anon_S5900E,665
anon_S2252E,693
anon_S2668E,693
anon_S4682E,702
anon_S2702E,729
anon_S4136E,629
anon_S2097E,703
anon_S4291E,703
anon_S3694E,703
anon_S1359E,459
anon_S5372E,592
anon_S5964E,617
anon_S5030E,622
anon_S2023E,806
anon_S4006E,748
anon_S1689E,590
anon_S5773E,646
anon_S5842E,766
anon_S4174E,603
anon_S5478E,646
anon_S4171E,599
anon_S4088E,667
anon_S6125E,534
anon_S2905E,628
anon_S1796E,751
anon_S5439E,622
anon_S294E,634
anon_S5716E,629
anon_S5673E,689
anon_S3211E,589
anon_S5308E,639
anon_S4557E,525
anon_S683E,637
anon_S1132E,637
anon_S915E,637
anon_S2450E,523
anon_S5591E,530
anon_S4292E,654
anon_S4490E,654
anon_S586E,635
anon_S1889E,693
anon_S2910E,622
anon_S5985E,656
anon_S582E,619
anon_S5446E,682
anon_S209E,621
anon_S5093E,535
anon_S3496E,615
anon_S981E,637
anon_S955E,637
anon_S5151E,681
anon_S162E,646
anon_S2454E,523
anon_S2999E,751
anon_S3487E,755
anon_S2504E,608
anon_S4073E,654
anon_S1247E,725
anon_S1985E,659
anon_S5048E,710
anon_S1925E,716
anon_S3573E,757
anon_S5678E,629
anon_S2490E,636
anon_S5508E,593
anon_S3154E,752
anon_S1894E,638
anon_S4879E,544
anon_S1891E,656
anon_S2614E,606
anon_S975E,637
anon_S1006E,637
anon_S470E,696
anon_S4629E,600
anon_S2219E,659
anon_S5203E,668
anon_S1603E,732
anon_S2471E,695
anon_S5284E,629
anon_S2299E,622
anon_S2153E,622
anon_S5680E,646
anon_S4924E,622
anon_S4146E,624
anon_S4719E,599
anon_S496E,667
anon_S5238E,767
anon_S2006E,721
anon_S5072E,600
anon_S5858E,656
anon_S1618E,662
anon_S2258E,662
anon_S5893E,661
anon_S5822E,687
anon_S1376E,459
anon_S2324E,624
anon_S329E,721
anon_S2732E,658
anon_S1067E,637
anon_S5136E,711
anon_S3591E,597
anon_S301E,628
anon_S5150E,679
anon_S4979E,609
anon_S1366E,459
anon_S2260E,705
anon_S4163E,567
anon_S3569E,554
anon_S2175E,655
anon_S3932E,654
anon_S2829E,707
anon_S665E,637
anon_S869E,637
anon_S1459E,646
anon_S3961E,606
anon_S3202E,654
anon_S5465E,590
anon_S3678E,708
anon_S1912E,703
anon_S5683E,646
anon_S3342E,705
anon_S5502E,593
anon_S3433E,658
anon_S6008E,652
anon_S1463E,707
anon_S5490E,662
anon_S2621E,597
anon_S5032E,691
anon_S5389E,605
anon_S5464E,590
anon_S2231E,630
anon_S595E,697
anon_S2139E,696
anon_S3312E,703
anon_S3092E,636
anon_S4686E,622
anon_S1938E,590
anon_S4329E,589
anon_S5287E,646
anon_S2699E,621
anon_S1860E,655
anon_S4859E,516
anon_S3328E,622
anon_S4035E,501
anon_S2088E,739
anon_S1472E,662
anon_S2245E,751
anon_S3147E,629
anon_S3827E,732
anon_S5869E,629
anon_S5402E,602
anon_S4813E,682
anon_S3804E,694
anon_S3513E,652
anon_S2676E,649
anon_S3041E,578
anon_S2524E,589
anon_S2661E,615
anon_S1702E,622
anon_S2855E,656
anon_S5544E,664
anon_S6059E,594
anon_S5353E,638
anon_S3600E,665
anon_S5165E,622
anon_S6093E,656
anon_S5955E,614
anon_S5190E,668
anon_S3130E,647
anon_S1648E,732
anon_S2838E,732
anon_S2802E,732
anon_S3414E,706
anon_S4828E,605
anon_S5684E,646
anon_S5789E,646
anon_S4096E,618
anon_S4196E,672
anon_S4899E,622
anon_S445E,692
anon_S78E,624
anon_S2946E,657
anon_S711E,637
anon_S4658E,622
anon_S4905E,583
anon_S538E,488
anon_S2167E,716
anon_S439E,710
anon_S5522E,761
anon_S5788E,629
anon_S5878E,629
anon_S5708E,704
anon_S3952E,652
anon_S6051E,676
anon_S5505E,593
anon_S1869E,584
anon_S1987E,639
anon_S1084E,667
anon_S5181E,685
anon_S3479E,602
anon_S754E,742
anon_S6119E,634
anon_S3264E,703
anon_S3123E,647
anon_S4351E,545
anon_S1344E,709
anon_S2696E,649
anon_S5391E,637
anon_S3807E,589
anon_S1686E,622
anon_S2874E,709
anon_S1200E,603
anon_S2128E,751
anon_S305E,634
anon_S1777E,631
anon_S4024E,629
anon_S4669E,685
anon_S5932E,664
anon_S1947E,613
anon_S103E,734
anon_S2704E,649
anon_S2049E,655
anon_S4154E,604
anon_S3216E,656
anon_S2473E,646
anon_S638E,637
anon_S2314E,631
anon_S4590E,522
anon_S4152E,567
anon_S2069E,647
anon_S3484E,711
anon_S3701E,662
anon_S503E,666
anon_S6107E,592
anon_S3230E,589
anon_S5706E,663
anon_S1204E,654
anon_S3278E,678
anon_S4657E,600
anon_S3828E,597
anon_S5085E,664
anon_S2307E,631
anon_S44E,664
anon_S4363E,679
anon_S2565E,695
anon_S5814E,629
anon_S3836E,694
anon_S3797E,694
anon_S5949E,603
anon_S1939E,638
anon_S5601E,489
anon_S3911E,646
anon_S4790E,599
anon_S5453E,732
anon_S5082E,732
anon_S4404E,693
anon_S2610E,660
anon_S4910E,670
anon_S146E,646
anon_S1248E,725
anon_S4048E,724
anon_S5642E,602
anon_S1923E,630
anon_S2084E,665
anon_S2756E,729
anon_S2063E,630
anon_S3156E,647
anon_S2755E,636
anon_S5137E,705
anon_S1750E,622
anon_S4160E,600
anon_S2080E,624
anon_S1625E,622
anon_S3343E,711
anon_S3912E,695
anon_S5929E,693
anon_S3762E,656
anon_S3459E,716
anon_S4512E,666
anon_S4128E,716
anon_S219E,631
anon_S5920E,715
anon_S2728E,654
anon_S1960E,665
anon_S2822E,732
anon_S1867E,732
anon_S4779E,646
anon_S3970E,806
anon_S5688E,711
anon_S5816E,646
anon_S5647E,720
anon_S2169E,715
anon_S1614E,639
anon_S5047E,766
anon_S2067E,606
anon_S2332E,646
anon_S2312E,678
anon_S2291E,623
anon_S2601E,751
anon_S3700E,659
anon_S1835E,703
anon_S5801E,629
anon_S4648E,666
anon_S1486E,732
anon_S5509E,596
anon_S5256E,567
anon_S5758E,646
anon_S1578E,645
anon_S5720E,646
anon_S5280E,646
anon_S2001E,737
anon_S1788E,638
anon_S3787E,634
anon_S6050E,704
anon_S410E,729
anon_S5911E,646
anon_S5528E,752
anon_S3241E,629
anon_S1827E,712
anon_S2205E,732
anon_S156E,653
anon_S3962E,742
anon_S4659E,648
anon_S5086E,648
anon_S2697E,642
anon_S3603E,695
anon_S4245E,589
anon_S4896E,622
anon_S5067E,721
anon_S3803E,585
anon_S259E,634
anon_S4243E,693
anon_S738E,626
anon_S1574E,602
anon_S4482E,695
anon_S4720E,731
anon_S2102E,584
anon_S3752E,638
anon_S4317E,655
anon_S2230E,679
anon_S1687E,691
anon_S965E,637
anon_S2658E,631
anon_S4140E,641
anon_S3656E,642
anon_S4747E,590
anon_S1808E,755
anon_S4315E,703
anon_S550E,651
anon_S1417E,657
anon_S1074E,658
anon_S1470E,622
anon_S1774E,622
anon_S1453E,655
anon_S2851E,655
anon_S458E,619
anon_S3621E,721
anon_S1536E,642
anon_S3965E,654
anon_S4391E,590
anon_S2852E,703
anon_S2172E,732
anon_S251E,629
anon_S3556E,643
anon_S5253E,614
anon_S2633E,622
anon_S483E,666
anon_S5251E,568
anon_S2317E,649
anon_S4613E,628
anon_S1025E,637
anon_S3785E,753
anon_S3208E,667
anon_S1931E,654
anon_S3028E,578
anon_S3051E,652
anon_S331E,632
anon_S1645E,590
anon_S1297E,637
anon_S5052E,600
anon_S6092E,656
anon_S5919E,715
anon_S5530E,687
anon_S4365E,679
anon_S5936E,635
anon_S2370E,768
anon_S2915E,633
anon_S3502E,589
anon_S3722E,615
anon_S326E,744
anon_S5741E,646
anon_S1804E,584
anon_S4453E,634
anon_S2280E,655
anon_S616E,646
anon_S1199E,650
anon_S2497E,597
anon_S4728E,590
anon_S5138E,685
anon_S93E,598
anon_S5442E,590
anon_S5988E,656
anon_S763E,771
anon_S6108E,652
anon_S4734E,668
anon_S5184E,697
anon_S4244E,636
anon_S1832E,622
anon_S2384E,622
anon_S3463E,621
anon_S5829E,596
anon_S2578E,655
anon_S3457E,656
anon_S3974E,641
anon_S1277E,637
anon_S1814E,634
anon_S2214E,651
anon_S4772E,583
anon_S6046E,706
anon_S5215E,600
anon_S2315E,651
anon_S3381E,606
anon_S2042E,659
anon_S1341E,696
anon_S1664E,696
anon_S2901E,574
anon_S564E,666
anon_S5770E,646
anon_S3886E,589
anon_S5029E,622
anon_S1340E,649
anon_S2330E,645
anon_S868E,637
anon_S5267E,672
anon_S4736E,590
anon_S4737E,590
anon_S1963E,761
anon_S2814E,697
anon_S1507E,624
anon_S5310E,654
anon_S2282E,671
anon_S2865E,656
anon_S1505E,638
anon_S3079E,734
anon_S1455E,642
anon_S3499E,711
anon_S1728E,725
anon_S3619E,708
anon_S4408E,716
anon_S2724E,662
anon_S325E,543
anon_S3122E,631
anon_S4470E,708
anon_S5339E,616
anon_S4004E,459
anon_S4107E,636
anon_S5329E,635
anon_S2272E,806
anon_S2365E,649
anon_S3611E,655
anon_S4417E,589
anon_S2378E,786
anon_S272E,635
anon_S4013E,656
anon_S5202E,717
anon_S1812E,753
anon_S4042E,693
anon_S4767E,609
anon_S2499E,695
anon_S5071E,715
anon_S2301E,622
anon_S4331E,672
anon_S850E,690
anon_S3077E,678
anon_S3146E,753
anon_S1590E,712
anon_S5481E,692
anon_S2123E,639
anon_S2003E,597
anon_S3296E,659
anon_S5890E,661
anon_S4209E,629
anon_S1898E,630
anon_S2389E,775
anon_S5070E,715
anon_S2388E,622
anon_S1469E,786
anon_S1356E,690
anon_S1617E,656
anon_S3882E,566
anon_S5839E,767
anon_S2622E,638
anon_S1745E,651
anon_S4191E,604
anon_S4977E,600
anon_S334E,729
anon_S3074E,751
anon_S1757E,729
anon_S4254E,696
anon_S2516E,656
anon_S2496E,631
anon_S2659E,729
anon_S552E,488
anon_S2663E,710
anon_S1899E,740
anon_S5564E,672
anon_S1995E,642
anon_S2385E,679
anon_S3584E,670
anon_S5543E,655
anon_S222E,527
anon_S4180E,666
anon_S3015E,639
anon_S4222E,711
anon_S2085E,693
anon_S5370E,693
anon_S5326E,634
anon_S3693E,654
anon_S5916E,715
anon_S2525E,654
anon_S298E,646
anon_S3425E,602
anon_S2394E,782
anon_S2402E,681
anon_S4973E,564
anon_S5328E,652
anon_S6076E,732
anon_S3862E,589
anon_S578E,604
anon_S4575E,537
anon_S4138E,712
anon_S4028E,693
anon_S2196E,657
anon_S4698E,600
anon_S1829E,662
anon_S412E,729
anon_S5039E,633
anon_S1575E,681
anon_S4058E,695
anon_S5913E,720
anon_S5273E,732
anon_S5783E,646
anon_S1658E,712
anon_S278E,634
anon_S2200E,684
anon_S3200E,631
anon_S1562E,654
anon_S3235E,694
anon_S5485E,676
anon_S5926E,777
anon_S238E,721
anon_S5622E,720
anon_S5423E,706
anon_S2010E,621
anon_S1705E,697
anon_S5462E,634
anon_S5166E,732
anon_S3255E,734
anon_S1825E,651
anon_S1577E,707
anon_S1530E,705
anon_S1502E,684
anon_S3508E,652
anon_S1490E,786
anon_S1604E,622
anon_S2075E,655
anon_S2788E,589
anon_S6065E,665
anon_S6069E,665
anon_S5937E,624
anon_S3838E,705
anon_S4748E,590
anon_S4494E,761
anon_S2647E,696
anon_S4272E,642
anon_S5866E,646
anon_S2665E,709
anon_S2585E,589
anon_S1682E,672
anon_S3581E,565
anon_S4588E,564
anon_S2866E,658
anon_S2541E,635
anon_S2900E,650
anon_S5295E,628
anon_S4025E,501
anon_S1699E,637
anon_S6033E,538
anon_S3908E,638
anon_S4860E,660
anon_S5605E,618
anon_S3358E,630
anon_S5394E,598
anon_S3819E,695
anon_S3747E,459
anon_S3464E,703
anon_S4975E,648
anon_S3001E,723
anon_S5272E,646
anon_S4455E,589
anon_S5953E,629
anon_S4320E,634
anon_S1485E,633
anon_S292E,647
anon_S5607E,600
anon_S2796E,658
anon_S1785E,658
anon_S5316E,603
anon_S3874E,684
anon_S3614E,515
anon_S6085E,656
anon_S3631E,703
anon_S465E,659
anon_S1538E,703
anon_S2336E,654
anon_S275E,640
anon_S1343E,709
anon_S5045E,731
anon_S5158E,706
anon_S6096E,598
anon_S2777E,658
anon_S2744E,658
anon_S2760E,658
anon_S3796E,646
anon_S3801E,656
anon_S73E,722
anon_S143E,720
anon_S2978E,695
anon_S3174E,703
anon_S5099E,531
anon_S3126E,538
anon_S84E,631
anon_S302E,640
anon_S1665E,624
anon_S572E,634
anon_S1906E,655
anon_S3008E,679
anon_S4614E,717
anon_S449E,782
anon_S5484E,673
anon_S1694E,646
anon_S5199E,668
anon_S443E,710
anon_S171E,646
anon_S5627E,644
anon_S4402E,589
anon_S5686E,646
anon_S2261E,716
anon_S3023E,656
anon_S2435E,651
anon_S3471E,734
anon_S548E,665
anon_S4654E,600
anon_S3390E,638
anon_S495E,598
anon_S4731E,590
anon_S5037E,717
anon_S3110E,696
anon_S5701E,715
anon_S3738E,644
anon_S3465E,711
anon_S1678E,695
anon_S3167E,645
anon_S2417E,634
anon_S2397E,656
anon_S1651E,625
anon_S1797E,643
anon_S5832E,656
anon_S2133E,648
anon_S833E,636
anon_S5409E,706
anon_S5408E,706
anon_S5483E,691
anon_S5412E,715
anon_S1451E,728
anon_S3814E,589
anon_S4927E,622
anon_S2007E,752
anon_S3853E,656
anon_S4008E,734
anon_S3659E,693
anon_S2869E,662
anon_S4023E,652
anon_S1092E,574
anon_S1748E,690
anon_S1197E,722
anon_S2820E,636
anon_S5629E,613
anon_S1741E,637
anon_S1859E,624
anon_S2706E,649
anon_S5325E,703
anon_S1429E,553
anon_S3760E,710
anon_S2628E,712
anon_S3920E,721
anon_S2828E,658
anon_S2429E,656
anon_S338E,738
anon_S149E,658
anon_S1097E,757
anon_S3291E,654
anon_S4218E,629
anon_S2356E,659
anon_S3221E,732
anon_S4844E,581
anon_S5796E,661
anon_S5786E,661
anon_S2564E,723
anon_S2044E,621
anon_S4423E,695
anon_S5764E,646
anon_S5176E,716
anon_S2519E,658
anon_S2203E,656
anon_S3460E,597
anon_S6103E,598
anon_S4733E,622
anon_S4001E,696
anon_S2002E,732
anon_S2264E,695
anon_S5909E,614
anon_S1123E,697
anon_S3532E,636
anon_S3189E,647
anon_S4679E,643
anon_S2557E,606
anon_S2070E,623
anon_S2879E,656
anon_S3782E,634
anon_S2201E,646
anon_S5551E,628
anon_S3347E,622
anon_S3300E,616
anon_S2843E,716
anon_S3628E,729
anon_S1662E,732
anon_S2349E,665
anon_S2546E,695
anon_S4739E,597
anon_S477E,737
anon_S3467E,624
anon_S4422E,589
anon_S3765E,650
anon_S3645E,729
anon_S3434E,658
anon_S3472E,658
anon_S3437E,658
anon_S2035E,634
anon_S2276E,678
anon_S6001E,656
anon_S1752E,705
anon_S498E,598
anon_S1768E,724
anon_S5480E,652
anon_S5388E,639
anon_S6048E,646
anon_S4972E,581
anon_S4113E,589
anon_S2617E,589
anon_S2583E,589
anon_S2158E,679
anon_S3445E,658
anon_S3495E,658
anon_S3475E,671
anon_S3355E,734
anon_S1487E,705
anon_S1659E,651
anon_S1585E,665
anon_S4800E,666
anon_S515E,665
anon_S2734E,631
anon_S4075E,806
anon_S3576E,672
anon_S2827E,589
anon_S3770E,589
anon_S4041E,566
anon_S4308E,638
anon_S1875E,669
anon_S3089E,656
anon_S2972E,625
anon_S3412E,656
anon_S4419E,646
anon_S2563E,606
anon_S3661E,681
anon_S4521E,644
anon_S3362E,622
anon_S4959E,717
anon_S4346E,556
anon_S4641E,738
anon_S157E,646
anon_S3113E,647
anon_S1710E,636
anon_S5025E,622
anon_S5862E,646
anon_S6109E,652
anon_S2862E,649
anon_S1642E,656
anon_S1560E,652
anon_S2021E,679
anon_S2975E,705
anon_S160E,644
anon_S1246E,725
anon_S753E,742
anon_S4414E,695
anon_S3040E,695
anon_S4487E,589
anon_S1914E,624
anon_S2703E,649
anon_S5675E,656
anon_S3595E,705
anon_S1759E,711
anon_S1932E,722
anon_S2837E,589
anon_S5416E,706
anon_S454E,599
anon_S6000E,656
anon_S5525E,761
anon_S4569E,605
anon_S2707E,729
anon_S2782E,658
anon_S289E,634
anon_S2164E,732
anon_S1683E,636
anon_S183E,631
anon_S2472E,706
anon_S4060E,636
anon_S5879E,646
anon_S5279E,646
anon_S5286E,646
anon_S2323E,656
anon_S3034E,656
anon_S2440E,523
anon_S5050E,600
anon_S5377E,638
anon_S5445E,590
anon_S507E,665
anon_S2019E,703
anon_S2645E,723
anon_S1733E,703
anon_S5882E,689
anon_S4523E,723
anon_S3676E,621
anon_S2593E,589
anon_S3254E,710
anon_S2253E,734
anon_S1126E,637
anon_S2361E,809
anon_S786E,666
anon_S3994E,671
anon_S4325E,693
anon_S5999E,656
anon_S5702E,646
anon_S4976E,581
anon_S2040E,649
anon_S5200E,582
anon_S905E,637
anon_S3643E,622
anon_S5468E,666
anon_S4921E,688
anon_S2640E,631
anon_S2325E,662
anon_S1520E,662
anon_S4087E,695
anon_S4362E,679
anon_S5323E,635
anon_S3663E,631
anon_S2094E,740
anon_S2300E,775
anon_S2639E,723
anon_S5498E,593
anon_S5094E,573
anon_S3050E,589
anon_S3400E,589
anon_S2980E,618
anon_S4169E,573
anon_S2949E,721
anon_S2859E,658
anon_S2783E,787
anon_S4515E,561
anon_S1724E,678
anon_S1892E,705
anon_S2797E,743
anon_S3019E,656
anon_S1527E,732
anon_S5336E,700
anon_S5729E,646
anon_S4371E,650
anon_S3039E,589
anon_S3875E,589
anon_S3894E,589
anon_S4012E,752
anon_S2239E,696
anon_S2413E,585
anon_S375E,755
anon_S4374E,632
anon_S3590E,610
anon_S1721E,651
anon_S1533E,751
anon_S1801E,689
anon_S1482E,646
anon_S2669E,729
anon_S1936E,676
anon_S1454E,622
anon_S2592E,624
anon_S2615E,589
anon_S63E,641
anon_S2319E,693
anon_S6002E,656
anon_S3236E,743
anon_S6082E,656
anon_S4290E,743
anon_S354E,775
anon_S2234E,695
anon_S5182E,669
anon_S6053E,711
anon_S1632E,752
anon_S4750E,732
anon_S5573E,621
anon_S1977E,711
anon_S3746E,711
anon_S3432E,755
anon_S5337E,701
anon_S3098E,703
anon_S5927E,777
anon_S1330E,636
anon_S3492E,721
anon_S5239E,721
anon_S4623E,590
anon_S3727E,753
anon_S2289E,654
anon_S4313E,695
anon_S5896E,661
anon_S5035E,648
anon_S4248E,589
anon_S2672E,712
anon_S3420E,734
anon_S2596E,654
anon_S2093E,695
anon_S5904E,664
anon_S2186E,590
anon_S5570E,634
anon_S3719E,655
anon_S2689E,667
anon_S343E,738
anon_S4665E,722
anon_S4918E,690
anon_S366E,697
anon_S1888E,716
anon_S2956E,662
anon_S5192E,668
anon_S2344E,740
anon_S4893E,682
anon_S2287E,693
anon_S2083E,732
anon_S3351E,703
anon_S1078E,654
anon_S5358E,599
anon_S5730E,646
anon_S3065E,589
anon_S4302E,655
anon_S2935E,634
anon_S4394E,738
anon_S2157E,616
anon_S5013E,622
anon_S4185E,589
anon_S3026E,751
anon_S1713E,693
anon_S3855E,710
anon_S4894E,682
anon_S2848E,729
anon_S102E,721
anon_S5434E,666
anon_S127E,711
anon_S1830E,694
anon_S845E,690
anon_S2850E,589
anon_S2619E,589
anon_S6106E,592
anon_S1670E,712
anon_S3884E,641
anon_S2232E,656
anon_S2511E,650
anon_S1968E,787
anon_S204E,657
anon_S481E,737
anon_S3509E,589
anon_S3903E,589
anon_S1737E,684
anon_S5221E,693
anon_S3429E,712
anon_S3470E,602
anon_S5005E,717
anon_S5923E,715
anon_S4392E,660
anon_S5521E,761
anon_S2974E,595
anon_S4372E,647
anon_S2795E,684
anon_S3640E,628
anon_S4906E,651
anon_S1615E,667
anon_S2409E,705
anon_S4459E,695
anon_S1957E,768
anon_S4892E,682
anon_S5825E,687
anon_S2456E,712
anon_S2751E,755
anon_S3061E,743
anon_S2302E,732
anon_S3214E,589
anon_S5382E,640
anon_S5884E,689
anon_S536E,585
anon_S1765E,716
anon_S4183E,666
anon_S5849E,693
anon_S4132E,501
anon_S3070E,716
anon_S2018E,705
anon_S5951E,662
anon_S5179E,668
anon_S3575E,574
anon_S5881E,689
anon_S4211E,694
anon_S2715E,670
anon_S2554E,589
anon_S5429E,706
anon_S2687E,656
anon_S2209E,809
anon_S673E,637
anon_S2089E,628
anon_S2722E,635
anon_S1769E,787
anon_S588E,636
anon_S1791E,742
anon_S3220E,712
anon_S1357E,459
anon_S5207E,741
anon_S1192E,746
anon_S5046E,731
anon_S2206E,622
anon_S4902E,716
anon_S1295E,637
anon_S1962E,684
anon_S3696E,515
anon_S1501E,688
anon_S4296E,738
anon_S1503E,692
anon_S1337E,598
anon_S1524E,665
anon_S2217E,695
anon_S2187E,672
anon_S293E,711
anon_S4898E,622
anon_S3419E,589
anon_S2747E,712
anon_S2401E,650
anon_S2666E,656
anon_S4619E,590
anon_S5571E,682
anon_S2154E,691
anon_S2178E,644
anon_S5451E,614
anon_S603E,655
anon_S3898E,589
anon_S2436E,712
anon_S4763E,685
anon_S342E,706
anon_S1907E,751
anon_S4624E,590
anon_S2467E,523
anon_S5517E,732
anon_S418E,705
anon_S3423E,703
anon_S2008E,622
anon_S4770E,715
anon_S3226E,591
anon_S3401E,712
anon_S2571E,501
anon_S5350E,592
anon_S5921E,715
anon_S6090E,656
anon_S440E,710
anon_S5330E,704
anon_S1986E,703
anon_S4074E,665
anon_S3036E,695
anon_S2392E,695
anon_S5941E,562
anon_S5577E,682
anon_S2660E,710
anon_S765E,772
anon_S5692E,773
anon_S4416E,589
anon_S5083E,600
anon_S5167E,717
anon_S1933E,662
anon_S2144E,709
anon_S3047E,654
anon_S2053E,595
anon_S1941E,630
anon_S3083E,589
anon_S3138E,647
anon_S6117E,638
anon_S2165E,705
anon_S2480E,589
anon_S4137E,753
anon_S2495E,656
anon_S2877E,666
anon_S5603E,574
anon_S1970E,705
anon_S1567E,720
anon_S1348E,751
anon_S1345E,751
anon_S1086E,667
anon_S5241E,721
anon_S1099E,757
anon_S2522E,606
anon_S1940E,695
anon_S1638E,721
anon_S4104E,636
anon_S6114E,704
anon_S5775E,646
anon_S1704E,705
anon_S3887E,712
anon_S2776E,639
anon_S2113E,751
anon_S3779E,751
anon_S3124E,751
anon_S3199E,751
anon_S1607E,696
anon_S5444E,697
anon_S6041E,662
anon_S5068E,741
anon_S5290E,646
anon_S4397E,589
anon_S2477E,656
anon_S2691E,679
anon_S3415E,606
anon_S4186E,666
anon_S2068E,693
anon_S805E,665
anon_S2056E,751
anon_S3052E,711
anon_S2204E,755
anon_S3377E,691
anon_S2176E,694
anon_S1198E,722
anon_S2868E,696
anon_S5691E,646
anon_S5427E,707
anon_S3234E,722
anon_S2684E,635
anon_S2950E,678
anon_S2170E,787
anon_S2818E,712
anon_S3482E,720
anon_S3491E,650
anon_S3160E,755
anon_S3209E,705
anon_S3844E,703
anon_S2646E,716
anon_S2632E,732
anon_S2729E,716
anon_S1866E,696
anon_S6089E,687
anon_S4526E,723
anon_S5885E,689
anon_S4690E,731
anon_S4622E,685
anon_S2043E,622
anon_S1511E,621
anon_S2995E,589
anon_S3514E,807
anon_S4304E,656
anon_S1691E,712
anon_S3087E,656
anon_S4027E,501
anon_S4917E,702
anon_S4200E,716
anon_S3870E,597
anon_S1639E,708
anon_S1885E,729
anon_S2060E,708
anon_S5912E,614
anon_S4919E,689
anon_S2624E,709
anon_S4009E,501
anon_S2369E,711
anon_S4405E,515
anon_S3025E,597
anon_S3256E,712
anon_S1676E,712
anon_S4082E,751
anon_S4936E,682
anon_S1515E,696
anon_S4916E,689
anon_S2671E,642
anon_S3164E,705
anon_S5010E,707
anon_S2354E,722
anon_S4662E,732
anon_S5373E,638
anon_S4256E,693
anon_S4913E,690
anon_S2635E,712
anon_S2184E,740
anon_S2558E,695
anon_S2997E,695
anon_S6044E,704
anon_S4923E,689
anon_S4303E,589
anon_S2548E,589
anon_S3072E,734
anon_S3341E,654
anon_S2785E,762
anon_S3726E,696
anon_S5395E,635
anon_S6099E,593
anon_S4264E,589
anon_S3454E,712
anon_S2644E,656
anon_S2634E,656
anon_S1746E,656
anon_S65E,662
anon_S2979E,608
anon_S468E,625
anon_S2233E,654
anon_S3867E,703
anon_S4714E,706
anon_S2757E,589
anon_S3391E,589
anon_S3955E,501
anon_S2573E,501
anon_S5170E,685
anon_S2923E,654
anon_S2311E,672
anon_S1795E,775
anon_S4279E,695
anon_S2842E,732
anon_S3378E,589
anon_S4271E,589
anon_S1910E,683
anon_S1657E,591
anon_S2754E,646
anon_S2274E,696
anon_S5527E,752
anon_S5206E,668
anon_S2290E,732
anon_S1125E,697
anon_S2840E,636
anon_S3053E,705
anon_S4636E,731
anon_S5850E,777
anon_S4238E,753
anon_S2491E,656
anon_S1845E,753
anon_S4680E,717
anon_S4018E,707
anon_S2310E,707
anon_S5194E,668
anon_S3007E,695
anon_S4920E,689
anon_S5470E,558
anon_S2506E,655
anon_S2183E,705
anon_S5220E,693
anon_S2229E,705
anon_S2168E,778
anon_S2061E,678
anon_S1855E,634
anon_S3878E,570
anon_S2141E,691
anon_S182E,648
anon_S2382E,696
anon_S1261E,589
anon_S6075E,732
anon_S3553E,635
anon_S2117E,751
anon_S3165E,751
anon_S2062E,659
anon_S2682E,716
anon_S2821E,679
anon_S45E,664
anon_S4777E,654
anon_S5877E,646
anon_S2764E,636
anon_S5368E,664
anon_S4278E,590
anon_S3119E,650
anon_S2248E,673
anon_S4915E,690
anon_S4914E,690
anon_S1988E,667
anon_S3438E,738
anon_S3924E,657
anon_S1602E,732
anon_S1908E,629
anon_S1693E,705
anon_S2712E,706
anon_S5266E,721
anon_S2584E,712
anon_S3921E,678
anon_S2197E,720
anon_S1584E,782
anon_S3428E,638
anon_S4283E,597
anon_S3834E,695
anon_S2334E,751
anon_S3860E,662
anon_S2014E,648
anon_S2058E,691
anon_S5320E,635
anon_S5384E,587
anon_S5565E,704
anon_S4250E,523
anon_S1565E,740
anon_S2637E,716
anon_S2736E,768
anon_S462E,732
anon_S1512E,732
anon_S1880E,706
anon_S1983E,715
anon_S5033E,707
anon_S5205E,717
anon_S4742E,590
anon_S5915E,773
anon_S2208E,720
anon_S3969E,716
anon_S1690E,732
anon_S2304E,732
anon_S175E,673
anon_S5753E,752
anon_S687E,637
anon_S3481E,712
anon_S3444E,738
anon_S4030E,515
anon_S2738E,753
anon_S2930E,601
anon_S1462E,618
anon_S5734E,773
anon_S3257E,636
anon_S1782E,687
anon_S5938E,656
anon_S3737E,711
anon_S1966E,738
anon_S2015E,692
anon_S5380E,662
anon_S5193E,668
anon_S2071E,705
anon_S1755E,690
anon_S2627E,590
anon_S4527E,666
anon_S1551E,712
anon_S789E,666
anon_S1555E,707
anon_S2463E,693
anon_S5993E,761
anon_S125E,724
anon_S2328E,665
anon_S6113E,704
anon_S3525E,636
anon_S2982E,590
anon_S3858E,722
anon_S5244E,767
anon_S6087E,721
anon_S4204E,720
anon_S4462E,568
anon_S335E,729
anon_S1643E,631
anon_S2269E,691
anon_S5972E,704
anon_S2652E,703
anon_S3468E,590
anon_S1461E,807
anon_S2673E,712
anon_S5063E,622
anon_S3430E,716
anon_S3934E,693
anon_S3550E,639
anon_S2993E,703
anon_S4511E,670
anon_S3018E,590
anon_S5519E,732
anon_S4120E,652
anon_S3106E,696
anon_S4124E,771
anon_S1488E,621
anon_S273E,598
anon_S3956E,755
anon_S6112E,704
anon_S5268E,711
anon_S5057E,741
anon_S5456E,715
anon_S4980E,707
anon_S3480E,658
anon_S3132E,696
anon_S5454E,715
anon_S1810E,786
anon_S746E,742
anon_S1967E,703
anon_S1672E,732
anon_S5971E,604
anon_S2091E,740
anon_S2826E,732
anon_S5332E,636
anon_S1864E,711
anon_S5209E,725
anon_S5837E,712
anon_S2103E,782
anon_S5168E,697
anon_S4447E,590
anon_S2106E,751
anon_S5146E,685
anon_S3339E,678
anon_S101E,719
anon_S3861E,703
anon_S5248E,711
anon_S3904E,642
anon_S3082E,590
anon_S2867E,656
anon_S3742E,515
anon_S2329E,753
anon_S1820E,729
anon_S2016E,696
anon_S4330E,695
anon_S3516E,716
anon_S2577E,743
anon_S2971E,732
anon_S5044E,731
anon_S5042E,731
anon_S5265E,711
anon_S6077E,767
anon_S3094E,650
anon_S5314E,603
anon_S5523E,761
anon_S2536E,743
anon_S733E,599
anon_S3876E,695
anon_S3923E,702
anon_S5687E,646
anon_S5714E,704
anon_S5859E,646
anon_S1633E,752
anon_S4996E,725
anon_S1249E,725
anon_S2430E,608
anon_S5593E,648
anon_S590E,633
anon_S5106E,697
anon_S87E,642
anon_S4691E,731
anon_S5501E,593
anon_S5634E,720
anon_S1621E,809
anon_S5626E,701
anon_S1714E,751
anon_S2533E,695
anon_S1636E,721
anon_S4876E,724
anon_S2502E,590
anon_S2985E,696
anon_S3133E,652
anon_S3424E,658
anon_S2235E,751
anon_S4603E,731
anon_S2271E,729
anon_S1317E,721
anon_S6057E,711
anon_S4016E,732
anon_S6115E,653
anon_S2293E,657
anon_S3889E,568
anon_S2576E,716
anon_S3832E,751
anon_S3166E,647
anon_S2551E,695
anon_S5447E,741
anon_S2670E,732
anon_S3815E,787
anon_S2396E,656
anon_S1661E,638
anon_S4983E,741
anon_S1448E,728
anon_S4439E,633
anon_S5636E,720
anon_S2858E,652
anon_S6110E,654
anon_S3963E,738
anon_S3635E,802
anon_S3233E,667
anon_S2880E,667
anon_S2759E,667
anon_S1594E,720
anon_S5672E,689
anon_S2605E,706
anon_S5846E,635
anon_S3977E,597
anon_S1221E,676
anon_S1807E,725
anon_S5925E,777
anon_S1965E,711
anon_S2521E,723
anon_S3854E,590
anon_S2108E,712
anon_S5211E,717
anon_S2379E,703
anon_S4052E,761
anon_S2359E,732
anon_S2690E,732
anon_S485E,744
anon_S1172E,651
anon_S2426E,710
anon_S6045E,706
anon_S1854E,787
anon_S1821E,751
anon_S4668E,685
anon_S5998E,752
anon_S3775E,672
anon_S5174E,738
anon_S2466E,711
anon_S5620E,720
anon_S4631E,682
anon_S328E,733
anon_S2629E,787
anon_S4099E,712
anon_S1955E,738
anon_S5515E,732
anon_S2711E,740
anon_S2750E,740
anon_S5049E,715
anon_S4646E,731
anon_S2410E,705
anon_S5886E,689
anon_S2439E,621
anon_S3922E,721
anon_S2694E,695
anon_S3135E,737
anon_S4411E,710
anon_S2510E,590
anon_S4498E,667
anon_S3809E,650
anon_S3662E,755
anon_S1778E,742
anon_S2079E,703
anon_S2501E,716
anon_S1980E,732
anon_S1449E,728
anon_S3359E,721
anon_S5492E,554
anon_S2603E,711
anon_S5828E,596
anon_S5945E,549
anon_S448E,782
anon_S1552E,729
anon_S307E,635
anon_S5533E,687
anon_S2373E,742
anon_S2081E,775
anon_S2903E,732
anon_S105E,641
anon_S5781E,646
anon_S2779E,786
anon_S5078E,722
anon_S3942E,696
anon_S241E,722
anon_S5529E,687
anon_S2412E,523
anon_S2368E,757
anon_S5576E,659
anon_S5180E,697
anon_S5635E,720
anon_S2335E,786
anon_S4784E,576
anon_S2421E,656
anon_S2737E,656
anon_S2479E,634
anon_S2377E,726
anon_S5169E,668
anon_S2560E,693
anon_S5107E,741
anon_S5171E,738
anon_S5379E,635
anon_S2651E,738
anon_S3764E,768
anon_S1646E,808
anon_S1846E,786
anon_S774E,633
anon_S2685E,753
anon_S2677E,753
anon_S3273E,753
anon_S4638E,715
anon_S4741E,590
anon_S1262E,589
anon_S4656E,741
anon_S447E,769
anon_S5619E,720
anon_S4524E,723
anon_S5725E,767
anon_S478E,737
anon_S1631E,741
anon_S1464E,721
anon_S5141E,712
anon_S2945E,761
anon_S2488E,751
anon_S554E,496
anon_S3152E,808
anon_S3512E,776
anon_S5034E,707
anon_S339E,738
anon_S5331E,702
anon_S406E,655
anon_S3022E,695
anon_S2575E,654
anon_S2226E,775
anon_S2148E,753
anon_S5631E,695
anon_S2381E,739
anon_S70E,678
anon_S749E,742
anon_S1637E,721
anon_S3996E,740
anon_S5066E,741
anon_S2763E,679
anon_S743E,742
anon_S3270E,601
anon_S5196E,668
anon_S5833E,687
anon_S4383E,666
anon_S2422E,656
anon_S5958E,661
anon_S5918E,715
anon_S4318E,602
anon_S3865E,597
anon_S1593E,782
anon_S341E,738
anon_S1937E,734
anon_S2602E,751
anon_S5542E,747
anon_S1513E,742
anon_S6073E,635
anon_S336E,729
anon_S1975E,753
anon_S2594E,709
anon_S3102E,775
anon_S4692E,731
anon_S5646E,720
anon_S3570E,562
anon_S4485E,696
anon_S66E,736
anon_S1481E,747
anon_S2432E,782
anon_S2065E,712
anon_S5294E,619
anon_S539E,496
anon_S1419E,648
anon_S2122E,639
anon_S2462E,523
anon_S3148E,776
anon_S2434E,591
anon_S2180E,729
anon_S2188E,705
anon_S4109E,740
anon_S4877E,724
anon_S4153E,729
anon_S2225E,705
anon_S748E,742
anon_S1996E,696
anon_S2166E,729
anon_S5173E,738
anon_S2657E,776
anon_S5823E,778
anon_S561E,667
anon_S1920E,755
anon_S5110E,741
anon_S3393E,771
anon_S3011E,806
anon_S1179E,631
anon_S4570E,562
anon_S1927E,742
anon_S4635E,731
anon_S5488E,711
anon_S3753E,585
anon_S2654E,723
anon_S1523E,806
anon_S2527E,695
anon_S4232E,589
anon_S1917E,809
anon_S1468E,809
anon_S363E,755
anon_S4216E,501
anon_S3404E,638
anon_S5422E,717
anon_S5970E,620
anon_S5982E,752
anon_S933E,637
anon_S249E,716
anon_S3930E,755
anon_S5208E,741
anon_S5987E,761
anon_S4645E,731
anon_S5928E,693
anon_S450E,782
anon_S5369E,693
anon_S5278E,752
anon_S6049E,700
anon_S2847E,734
anon_S2227E,751
anon_S2247E,751
anon_S2173E,751
anon_S2587E,751
anon_S1873E,729
anon_S4466E,590
anon_S5145E,685
anon_S3768E,567
anon_S2461E,716
anon_S6055E,778
anon_S1798E,597
anon_S3881E,574
anon_S4274E,647
anon_S5040E,732
anon_S1994E,761
anon_S5183E,767
anon_S2427E,684
anon_S2612E,802
anon_S2403E,679
anon_S4415E,768
anon_S2700E,787
anon_S865E,637
anon_S2680E,738
anon_S3448E,807
anon_S1826E,809
anon_S4499E,629
anon_S202E,590
anon_S4449E,743
anon_S370E,755
anon_S1711E,807
anon_S6100E,594
anon_S3258E,806
anon_S1009E,637
anon_S4891E,589
anon_S3823E,703
anon_S5795E,646
anon_S2476E,608
anon_S4970E,598
anon_S352E,775
anon_S1569E,709
anon_S2801E,776
anon_S2048E,776
anon_S2498E,807
anon_S4605E,731
anon_S2853E,806
anon_S1990E,729
anon_S2292E,695
anon_S3406E,695
anon_S2735E,695
anon_S2416E,645
anon_S5260E,749
anon_S2447E,645
anon_S2811E,711
anon_S369E,755
anon_S2870E,809
anon_S3159E,601
anon_S371E,755
anon_S473E,716
anon_S2474E,597
anon_S320E,786
anon_S2845E,786
anon_S4640E,738
anon_S3572E,563
anon_S4086E,801
anon_S2836E,723
anon_S1553E,692
anon_S1671E,693
anon_S1098E,757
anon_S1868E,775
anon_S3494E,768
anon_S4616E,682
anon_S6078E,733
anon_S2470E,651
anon_S4701E,582
anon_S4713E,717
anon_S5185E,648
anon_S479E,737
anon_S1102E,757
anon_S2940E,721
anon_S3933E,655
anon_S3443E,755
anon_S2921E,695
anon_S1550E,787
anon_S1695E,787
anon_S1756E,787
anon_S3170E,775
anon_S142E,775
anon_S3037E,695
anon_S4429E,696
anon_S5237E,749
anon_S438E,710
anon_S2675E,786
anon_S1509E,723
anon_S2405E,634
anon_S2448E,639
anon_S3515E,695
anon_S5187E,697
anon_S364E,755
anon_S365E,755
anon_S2096E,782
anon_S1770E,782
anon_S2321E,694
anon_S3397E,579
anon_S2076E,712
anon_S2288E,729
anon_S2428E,656
anon_S4207E,782
anon_S2004E,753
anon_S374E,755
anon_S5922E,715
anon_S2228E,734
anon_S114E,641
anon_S247E,768
anon_S2547E,639
anon_S2597E,684
anon_S5250E,767
anon_S4585E,722
anon_S239E,768
anon_S1900E,732
anon_S1890E,775
anon_S3885E,634
anon_S4708E,683
anon_S2468E,751
anon_S4594E,577
anon_S3080E,589
anon_S3893E,585
anon_S2805E,802
anon_S480E,737
anon_S2562E,806
anon_S2414E,590
anon_S4064E,807
anon_S3055E,787
anon_S1747E,751
anon_S2616E,740
anon_S372E,741
anon_S3763E,786
anon_S1336E,649
anon_S2455E,590
anon_S1475E,740
anon_S4300E,695
anon_S6086E,702
anon_S2464E,662
anon_S2983E,751
anon_S4094E,654
anon_S3405E,751
anon_S2846E,590
anon_S2530E,590
anon_S4249E,656
anon_S5917E,715
anon_S3900E,642
anon_S3866E,768
anon_S5028E,622
anon_S373E,755
anon_S4493E,590
anon_S2503E,679
anon_S5924E,777
anon_S3014E,806
anon_S3439E,695
anon_S3794E,635
anon_S5914E,773
anon_S1872E,738
anon_S5262E,777
anon_S4488E,590
anon_S2092E,712
anon_S4963E,589
anon_S1473E,706
anon_S2986E,656
anon_S5524E,761
anon_S2831E,590
anon_S4426E,695
anon_S3063E,590
anon_S3745E,629
anon_S5845E,767
anon_S4788E,619
anon_S1160E,632
anon_S568E,668
anon_S3744E,608
anon_S4678E,721
anon_S4576E,573
anon_S1568E,808
anon_S3016E,637
anon_S5748E,774
anon_S3198E,776
anon_S3504E,809
anon_S4472E,597
anon_S2708E,656
anon_S2032E,742
anon_S3683E,756
anon_S266E,635
anon_S2119E,802
anon_S3195E,753
anon_S2500E,660
anon_S4695E,694
anon_S3090E,710
anon_S5743E,647
anon_S323E,634
anon_S1616E,775
anon_S705E,637
anon_S1790E,768
anon_S3839E,703
anon_S3905E,645
anon_S2054E,678
anon_S2000E,768
anon_S4307E,695
anon_S914E,637
anon_S2458E,667
anon_S3057E,751
anon_S3981E,629
anon_S5398E,575
anon_S2266E,787
anon_S4637E,715
anon_S5440E,598
anon_S3247E,711
anon_S4582E,721
anon_S5817E,646
anon_S3630E,734
anon_S3873E,568
anon_S1850E,807
anon_S2520E,656
anon_S4500E,689
anon_S1803E,742
anon_S4469E,590
anon_S4234E,641
anon_S3593E,601
anon_S3980E,590
anon_S2469E,650
anon_S3984E,642
anon_S1256E,635
anon_S5108E,697
anon_S1583E,651
anon_S5785E,647
anon_S1191E,746
anon_S2753E,751
anon_S5614E,604
anon_S5334E,704
anon_S4095E,654
anon_S2125E,729
anon_S5172E,739
anon_S3142E,665
anon_S2781E,787
anon_S6091E,762
anon_S2607E,716
anon_S1164E,632
anon_S280E,643
anon_S4177E,664
anon_S4491E,696
anon_S3890E,656
anon_S4450E,656
anon_S2415E,715
anon_S4239E,652
anon_S2419E,782
anon_S3748E,684
anon_S3097E,787
anon_S747E,742
anon_S2446E,734
anon_S5197E,685
anon_S745E,742
anon_S600E,656
anon_S1346E,751
anon_S3238E,712
anon_S5844E,767
anon_S2718E,732
anon_S3897E,703
anon_S3035E,656
anon_S1630E,741
anon_S4430E,693
anon_S4502E,696
anon_S3749E,670
anon_S4709E,683
anon_S2641E,712
anon_S5984E,688
anon_S2478E,753
anon_S3720E,786
anon_S2574E,786
anon_S3336E,679
anon_S6083E,687
anon_S2443E,707
anon_S2444E,806
anon_S3009E,755
anon_S2457E,751
anon_S362E,755
anon_S3954E,807
anon_S3754E,751
anon_S2991E,751
anon_S2438E,705
anon_S3017E,751
anon_S2566E,751
anon_S2542E,732
anon_S1100E,757
anon_S2540E,787
